sample,modal,inf,n,procent,syl_inf,xpos,upos,morph_aspect,xpos2
casniki,morati,biti,536,29.18,2,Gp-n,AUX,Imp,Va-n
casniki,morati,imeti,90,4.9,3,Ggnn,VERB,Imp,Vmpn
casniki,morati,narediti,25,1.36,4,Ggdn,VERB,Perf,Vmen
casniki,morati,upoštevati,24,1.31,5,Ggvn,VERB,Both,Vmbn
casniki,morati,vedeti,23,1.25,3,Ggnn,VERB,Imp,Vmpn
casniki,morati,ostati,22,1.2,3,Ggdn,VERB,Perf,Vmen
casniki,morati,poskrbeti,21,1.14,3,Ggdn,VERB,Perf,Vmen
casniki,morati,nositi,20,1.09,3,Ggnn,VERB,Imp,Vmpn
casniki,morati,zavedati,20,1.09,4,Ggnn,VERB,Imp,Vmpn
casniki,morati,delati,19,1.03,3,Ggnn,VERB,Imp,Vmpn
casniki,morati,zagotoviti,17,0.93,5,Ggdn,VERB,Perf,Vmen
casniki,morati,iti,15,0.82,2,Ggvn,VERB,Both,Vmbn
casniki,morati,plačati,15,0.82,3,Ggdn,VERB,Perf,Vmen
casniki,morati,priznati,15,0.82,3,Ggdn,VERB,Perf,Vmen
casniki,morati,naučiti,13,0.71,3,Ggdn,VERB,Perf,Vmen
casniki,morati,opraviti,13,0.71,4,Ggdn,VERB,Perf,Vmen
casniki,morati,vrniti,12,0.65,2,Ggdn,VERB,Perf,Vmen
casniki,morati,začeti,12,0.65,3,Ggdn,VERB,Perf,Vmen
casniki,morati,priti,11,0.6,2,Ggdn,VERB,Perf,Vmen
casniki,morati,skrbeti,11,0.6,2,Ggnn,VERB,Imp,Vmpn
casniki,morati,odločiti,10,0.54,4,Ggdn,VERB,Perf,Vmen
casniki,morati,storiti,10,0.54,3,Ggdn,VERB,Perf,Vmen
casniki,morati,izpolnjevati,9,0.49,5,Ggnn,VERB,Imp,Vmpn
casniki,morati,ravnati,9,0.49,3,Ggnn,VERB,Imp,Vmpn
casniki,morati,zapreti,9,0.49,3,Ggdn,VERB,Perf,Vmen
casniki,morati,opravljati,8,0.44,4,Ggnn,VERB,Imp,Vmpn
casniki,morati,pomagati,8,0.44,4,Ggvn,VERB,Both,Vmbn
casniki,morati,sprejeti,8,0.44,3,Ggdn,VERB,Perf,Vmen
casniki,morati,dati,7,0.38,2,Ggdn,VERB,Perf,Vmen
casniki,morati,paziti,7,0.38,3,Ggnn,VERB,Imp,Vmpn
casniki,morati,potekati,7,0.38,4,Ggnn,VERB,Imp,Vmpn
casniki,morati,povedati,7,0.38,4,Ggdn,VERB,Perf,Vmen
casniki,morati,pridobiti,7,0.38,4,Ggdn,VERB,Perf,Vmen
casniki,morati,reči,7,0.38,2,Ggdn,VERB,Perf,Vmen
casniki,morati,spoštovati,7,0.38,4,Ggnn,VERB,Imp,Vmpn
casniki,morati,spremeniti,7,0.38,4,Ggdn,VERB,Perf,Vmen
casniki,morati,uporabljati,7,0.38,5,Ggnn,VERB,Imp,Vmpn
casniki,morati,držati,6,0.33,2,Ggnn,VERB,Imp,Vmpn
casniki,morati,najti,6,0.33,2,Ggdn,VERB,Perf,Vmen
casniki,morati,počakati,6,0.33,4,Ggdn,VERB,Perf,Vmen
casniki,morati,poznati,6,0.33,3,Ggnn,VERB,Imp,Vmpn
casniki,morati,ti,6,0.33,1,Zk-mmi,UNK,UNK,Pd-mpn
casniki,morati,učiti,6,0.33,3,Ggnn,VERB,Imp,Vmpn
casniki,morati,ukrepati,6,0.33,4,Ggnn,VERB,Imp,Vmpn
casniki,morati,voditi,6,0.33,3,Ggnn,VERB,Imp,Vmpn
casniki,morati,znati,6,0.33,2,Ggnn,VERB,Imp,Vmpn
casniki,morati,boriti,5,0.27,3,Ggnn,VERB,Imp,Vmpn
casniki,morati,obstajati,5,0.27,4,Ggnn,VERB,Imp,Vmpn
casniki,morati,odgovoriti,5,0.27,5,Ggdn,VERB,Perf,Vmen
casniki,morati,oditi,5,0.27,3,Ggdn,VERB,Perf,Vmen
casniki,morati,odločati,5,0.27,4,Ggnn,VERB,Imp,Vmpn
casniki,morati,poiskati,5,0.27,3,Ggdn,VERB,Perf,Vmen
casniki,morati,postaviti,5,0.27,4,Ggdn,VERB,Perf,Vmen
casniki,morati,predložiti,5,0.27,4,Ggdn,VERB,Perf,Vmen
casniki,morati,pustiti,5,0.27,3,Ggdn,VERB,Perf,Vmen
casniki,morati,razmišljati,5,0.27,4,Ggnn,VERB,Imp,Vmpn
casniki,morati,vzeti,5,0.27,2,Ggdn,VERB,Perf,Vmen
casniki,morati,čakati,4,0.22,3,Ggnn,VERB,Imp,Vmpn
casniki,morati,čutiti,4,0.22,3,Ggnn,VERB,Imp,Vmpn
casniki,morati,dobiti,4,0.22,3,Ggdn,VERB,Perf,Vmen
casniki,morati,dokazati,4,0.22,4,Ggdn,VERB,Perf,Vmen
casniki,morati,govoriti,4,0.22,4,Ggnn,VERB,Imp,Vmpn
casniki,morati,hoditi,4,0.22,3,Ggnn,VERB,Imp,Vmpn
casniki,morati,izbirati,4,0.22,4,Ggnn,VERB,Imp,Vmpn
casniki,morati,izbrati,4,0.22,3,Ggdn,VERB,Perf,Vmen
casniki,morati,izvajati,4,0.22,4,Ggnn,VERB,Imp,Vmpn
casniki,morati,kaznovati,4,0.22,4,Ggvn,VERB,Both,Vmbn
casniki,morati,oddati,4,0.22,3,Ggdn,VERB,Perf,Vmen
casniki,morati,odpovedati,4,0.22,5,Ggdn,VERB,Perf,Vmen
casniki,morati,odpreti,4,0.22,3,Ggdn,VERB,Perf,Vmen
casniki,morati,omeniti,4,0.22,4,Ggdn,VERB,Perf,Vmen
casniki,morati,omogočiti,4,0.22,5,Ggdn,VERB,Perf,Vmen
casniki,morati,osredotočiti,4,0.22,6,Ggdn,VERB,Perf,Vmen
casniki,morati,plačevati,4,0.22,4,Ggnn,VERB,Imp,Vmpn
casniki,morati,pokazati,4,0.22,4,Ggdn,VERB,Perf,Vmen
casniki,morati,preživeti,4,0.22,4,Ggdn,VERB,Perf,Vmen
casniki,morati,prilagoditi,4,0.22,5,Ggdn,VERB,Perf,Vmen
casniki,morati,slediti,4,0.22,3,Ggnn,VERB,Imp,Vmpn
casniki,morati,stopiti,4,0.22,3,Ggdn,VERB,Perf,Vmen
casniki,morati,ukvarjati,4,0.22,4,Ggnn,VERB,Imp,Vmpn
casniki,morati,uživati,4,0.22,4,Ggnn,VERB,Imp,Vmpn
casniki,morati,vpisati,4,0.22,3,Ggdn,VERB,Perf,Vmen
casniki,morati,vprašati,4,0.22,3,Ggdn,VERB,Perf,Vmen
casniki,morati,znajti,4,0.22,2,Ggdn,VERB,Perf,Vmen
casniki,morati,živeti,4,0.22,3,Ggnn,VERB,Imp,Vmpn
casniki,morati,izkazati,3,0.16,4,Ggdn,VERB,Perf,Vmen
casniki,morati,izkoristiti,3,0.16,5,Ggdn,VERB,Perf,Vmen
casniki,morati,izogibati,3,0.16,5,Ggnn,VERB,Imp,Vmpn
casniki,morati,končati,3,0.16,3,Ggdn,VERB,Perf,Vmen
casniki,morati,nadaljevati,3,0.16,5,Ggnn,VERB,Imp,Vmpn
casniki,morati,nameniti,3,0.16,4,Ggdn,VERB,Perf,Vmen
casniki,morati,napisati,3,0.16,4,Ggdn,VERB,Perf,Vmen
casniki,morati,obiskati,3,0.16,4,Ggdn,VERB,Perf,Vmen
casniki,morati,odstraniti,3,0.16,4,Ggdn,VERB,Perf,Vmen
casniki,morati,pisati,3,0.16,3,Ggnn,VERB,Imp,Vmpn
casniki,morati,podati,3,0.16,3,Ggvn,VERB,Both,Vmbn
casniki,morati,poklicati,3,0.16,4,Ggdn,VERB,Perf,Vmen
casniki,morati,ponuditi,3,0.16,4,Ggdn,VERB,Perf,Vmen
casniki,morati,popraviti,3,0.16,4,Ggdn,VERB,Perf,Vmen
casniki,morati,potrditi,3,0.16,3,Ggdn,VERB,Perf,Vmen
casniki,morati,prenašati,3,0.16,4,Ggnn,VERB,Imp,Vmpn
casniki,morati,prestaviti,3,0.16,4,Ggdn,VERB,Perf,Vmen
casniki,morati,preteči,3,0.16,3,Ggdn,VERB,Perf,Vmen
casniki,morati,preveriti,3,0.16,4,Ggdn,VERB,Perf,Vmen
casniki,morati,pripraviti,3,0.16,4,Ggdn,VERB,Perf,Vmen
casniki,morati,proti,3,0.16,2,Dd,UNK,UNK,Sd
casniki,morati,raziskati,3,0.16,4,Ggdn,VERB,Perf,Vmen
casniki,morati,razmisliti,3,0.16,4,Ggdn,VERB,Perf,Vmen
casniki,morati,razumeti,3,0.16,4,Ggvn,VERB,Both,Vmbn
casniki,morati,sedeti,3,0.16,3,Ggnn,VERB,Imp,Vmpn
casniki,morati,soočiti,3,0.16,3,Ggdn,VERB,Perf,Vmen
casniki,morati,spoznati,3,0.16,3,Ggvn,VERB,Both,Vmbn
casniki,morati,sprijazniti,3,0.16,4,Ggdn,VERB,Perf,Vmen
casniki,morati,strinjati,3,0.16,3,Ggnn,VERB,Imp,Vmpn
casniki,morati,ščititi,3,0.16,3,Ggnn,VERB,Imp,Vmpn
casniki,morati,umakniti,3,0.16,4,Ggdn,VERB,Perf,Vmen
casniki,morati,urediti,3,0.16,4,Ggdn,VERB,Perf,Vmen
casniki,morati,ustvariti,3,0.16,4,Ggdn,VERB,Perf,Vmen
casniki,morati,zagotavljati,3,0.16,5,Ggnn,VERB,Imp,Vmpn
casniki,morati,zapustiti,3,0.16,4,Ggdn,VERB,Perf,Vmen
casniki,morati,zaupati,3,0.16,3,Ggvn,VERB,Both,Vmbn
casniki,morati,bati,2,0.11,2,Ggnn,VERB,Imp,Vmpn
casniki,morati,čuvati,2,0.11,3,Ggnn,VERB,Imp,Vmpn
casniki,morati,dajati,2,0.11,3,Ggnn,VERB,Imp,Vmpn
casniki,morati,delovati,2,0.11,4,Ggnn,VERB,Imp,Vmpn
casniki,morati,dihati,2,0.11,3,Ggnn,VERB,Imp,Vmpn
casniki,morati,dogovoriti,2,0.11,5,Ggdn,VERB,Perf,Vmen
casniki,morati,dokazovati,2,0.11,5,Ggnn,VERB,Imp,Vmpn
casniki,morati,dvigniti,2,0.11,3,Ggdn,VERB,Perf,Vmen
casniki,morati,igrati,2,0.11,3,Ggnn,VERB,Imp,Vmpn
casniki,morati,izgubiti,2,0.11,4,Ggdn,VERB,Perf,Vmen
casniki,morati,izpolniti,2,0.11,4,Ggdn,VERB,Perf,Vmen
casniki,morati,izpustiti,2,0.11,4,Ggdn,VERB,Perf,Vmen
casniki,morati,jesti,2,0.11,2,Ggnn,VERB,Imp,Vmpn
casniki,morati,kupiti,2,0.11,3,Ggdn,VERB,Perf,Vmen
casniki,morati,najeti,2,0.11,3,Ggdn,VERB,Perf,Vmen
casniki,morati,napraviti,2,0.11,4,Ggdn,VERB,Perf,Vmen
casniki,morati,nastopiti,2,0.11,4,Ggdn,VERB,Perf,Vmen
casniki,morati,nehati,2,0.11,3,Ggdn,VERB,Perf,Vmen
casniki,morati,obiskovati,2,0.11,5,Ggnn,VERB,Imp,Vmpn
casniki,morati,obleči,2,0.11,3,Ggdn,VERB,Perf,Vmen
casniki,morati,obnoviti,2,0.11,4,Ggdn,VERB,Perf,Vmen
casniki,morati,oceniti,2,0.11,4,Ggdn,VERB,Perf,Vmen
casniki,morati,odpirati,2,0.11,4,Ggnn,VERB,Imp,Vmpn
casniki,morati,odsvetovati,2,0.11,5,Ggdn,VERB,Perf,Vmen
casniki,morati,odšteti,2,0.11,3,Ggdn,VERB,Perf,Vmen
casniki,morati,odviti,2,0.11,3,Ggdn,VERB,Perf,Vmen
casniki,morati,ohraniti,2,0.11,4,Ggdn,VERB,Perf,Vmen
casniki,morati,okrepiti,2,0.11,4,Ggdn,VERB,Perf,Vmen
casniki,morati,omejiti,2,0.11,4,Ggdn,VERB,Perf,Vmen
casniki,morati,opustiti,2,0.11,4,Ggdn,VERB,Perf,Vmen
casniki,morati,podpisati,2,0.11,4,Ggdn,VERB,Perf,Vmen
casniki,morati,pogovoriti,2,0.11,5,Ggdn,VERB,Perf,Vmen
casniki,morati,pohvaliti,2,0.11,4,Ggdn,VERB,Perf,Vmen
casniki,morati,pomisliti,2,0.11,4,Ggdn,VERB,Perf,Vmen
casniki,morati,poskušati,2,0.11,4,Ggnn,VERB,Imp,Vmpn
casniki,morati,posloviti,2,0.11,4,Ggdn,VERB,Perf,Vmen
casniki,morati,poslušati,2,0.11,4,Ggnn,VERB,Imp,Vmpn
casniki,morati,posneti,2,0.11,3,Ggdn,VERB,Perf,Vmen
casniki,morati,posredovati,2,0.11,5,Ggvn,VERB,Both,Vmbn
casniki,morati,postati,2,0.11,3,Ggdn,VERB,Perf,Vmen
casniki,morati,posvetiti,2,0.11,4,Ggdn,VERB,Perf,Vmen
casniki,morati,posvetovati,2,0.11,5,Ggvn,VERB,Both,Vmbn
casniki,morati,potegniti,2,0.11,4,Ggdn,VERB,Perf,Vmen
casniki,morati,potruditi,2,0.11,4,Ggdn,VERB,Perf,Vmen
casniki,morati,povezati,2,0.11,4,Ggdn,VERB,Perf,Vmen
casniki,morati,pozabiti,2,0.11,4,Ggdn,VERB,Perf,Vmen
casniki,morati,predelati,2,0.11,4,Ggdn,VERB,Perf,Vmen
casniki,morati,prejemati,2,0.11,4,Ggnn,VERB,Imp,Vmpn
casniki,morati,prepustiti,2,0.11,4,Ggdn,VERB,Perf,Vmen
casniki,morati,presoditi,2,0.11,4,Ggdn,VERB,Perf,Vmen
casniki,morati,prijaviti,2,0.11,4,Ggdn,VERB,Perf,Vmen
casniki,morati,prirediti,2,0.11,4,Ggdn,VERB,Perf,Vmen
casniki,morati,pristati,2,0.11,3,Ggdn,VERB,Perf,Vmen
casniki,morati,reševati,2,0.11,4,Ggnn,VERB,Imp,Vmpn
casniki,morati,sodelovati,2,0.11,5,Ggnn,VERB,Imp,Vmpn
casniki,morati,spopadati,2,0.11,4,Ggnn,VERB,Imp,Vmpn
casniki,morati,spopasti,2,0.11,3,Ggdn,VERB,Perf,Vmen
casniki,morati,spraševati,2,0.11,4,Ggnn,VERB,Imp,Vmpn
casniki,morati,spremljati,2,0.11,3,Ggnn,VERB,Imp,Vmpn
casniki,morati,sproščati,2,0.11,3,Ggnn,VERB,Imp,Vmpn
casniki,morati,spucati,2,0.11,3,Ggdn,VERB,Perf,Vmen
casniki,morati,stati,2,0.11,2,Ggnn,VERB,Imp,Vmpn
casniki,morati,testirati,2,0.11,4,Ggvn,VERB,Both,Vmbn
casniki,morati,tisti,2,0.11,2,Zk-mmi,UNK,UNK,Pd-mpn
casniki,morati,ugasniti,2,0.11,4,Ggdn,VERB,Perf,Vmen
casniki,morati,uglasiti,2,0.11,4,Ggdn,VERB,Perf,Vmen
casniki,morati,umiti,2,0.11,3,Ggdn,VERB,Perf,Vmen
casniki,morati,usklajevati,2,0.11,5,Ggnn,VERB,Imp,Vmpn
casniki,morati,ustvarjati,2,0.11,4,Ggnn,VERB,Imp,Vmpn
casniki,morati,veljati,2,0.11,3,Ggnn,VERB,Imp,Vmpn
casniki,morati,vesti,2,0.11,2,Ggnn,VERB,Imp,Vmpn
casniki,morati,videti,2,0.11,3,Ggvn,VERB,Both,Vmbn
casniki,morati,vključevati,2,0.11,4,Ggnn,VERB,Imp,Vmpn
casniki,morati,vključiti,2,0.11,3,Ggdn,VERB,Perf,Vmen
casniki,morati,vložiti,2,0.11,3,Ggdn,VERB,Perf,Vmen
casniki,morati,vpeljati,2,0.11,3,Ggdn,VERB,Perf,Vmen
casniki,morati,zadoščati,2,0.11,4,Ggnn,VERB,Imp,Vmpn
casniki,morati,zadovoljiti,2,0.11,5,Ggdn,VERB,Perf,Vmen
casniki,morati,zapisati,2,0.11,4,Ggdn,VERB,Perf,Vmen
casniki,morati,zaščititi,2,0.11,4,Ggdn,VERB,Perf,Vmen
casniki,morati,zavarovati,2,0.11,5,Ggdn,VERB,Perf,Vmen
casniki,morati,zavezati,2,0.11,4,Ggdn,VERB,Perf,Vmen
casniki,morati,zavrniti,2,0.11,3,Ggdn,VERB,Perf,Vmen
casniki,morati,zavrti,2,0.11,2,Pdnmmi,UNK,UNK,Appmpn
casniki,morati,zbrati,2,0.11,2,Ggdn,VERB,Perf,Vmen
casniki,morati,zdraviti,2,0.11,3,Ggnn,VERB,Imp,Vmpn
casniki,morati,zglasiti,2,0.11,3,Ggdn,VERB,Perf,Vmen
casniki,morati,zgoditi,2,0.11,3,Ggdn,VERB,Perf,Vmen
casniki,morati,zmanjšati,2,0.11,3,Ggdn,VERB,Perf,Vmen
casniki,morati,znašati,2,0.11,3,Ggnn,VERB,Imp,Vmpn
casniki,morati,znebiti,2,0.11,3,Ggdn,VERB,Perf,Vmen
casniki,morati,čistiti,1,0.05,3,Ggnn,VERB,Imp,Vmpn
casniki,morati,decentralisti,1,0.05,5,Sommi,UNK,UNK,Ncmpn
casniki,morati,definirati,1,0.05,5,Ggvn,VERB,Both,Vmbn
casniki,morati,doklicati,1,0.05,4,Ggvn,VERB,Both,Vmbn
casniki,morati,določiti,1,0.05,4,Ggdn,VERB,Perf,Vmen
casniki,morati,domovati,1,0.05,4,Ggnn,VERB,Imp,Vmpn
casniki,morati,doplačevati,1,0.05,5,Ggnn,VERB,Imp,Vmpn
casniki,morati,doprinesti,1,0.05,4,Ggvn,VERB,Both,Vmbn
casniki,morati,dopustiti,1,0.05,4,Ggdn,VERB,Perf,Vmen
casniki,morati,dotakniti,1,0.05,4,Ggdn,VERB,Perf,Vmen
casniki,morati,dovoliti,1,0.05,4,Ggdn,VERB,Perf,Vmen
casniki,morati,gledati,1,0.05,3,Ggnn,VERB,Imp,Vmpn
casniki,morati,gostiti,1,0.05,3,Ggnn,VERB,Imp,Vmpn
casniki,morati,graditi,1,0.05,3,Ggnn,VERB,Imp,Vmpn
casniki,morati,hospitalizirati,1,0.05,7,Ggvn,VERB,Both,Vmbn
casniki,morati,hraniti,1,0.05,3,Ggnn,VERB,Imp,Vmpn
casniki,morati,hvaliti,1,0.05,3,Ggnn,VERB,Imp,Vmpn
casniki,morati,iskati,1,0.05,3,Ggnn,VERB,Imp,Vmpn
casniki,morati,izboriti,1,0.05,4,Ggdn,VERB,Perf,Vmen
casniki,morati,izčistiti,1,0.05,4,Ggdn,VERB,Perf,Vmen
casniki,morati,izdelati,1,0.05,4,Ggdn,VERB,Perf,Vmen
casniki,morati,izginiti,1,0.05,4,Ggdn,VERB,Perf,Vmen
casniki,morati,izkazovati,1,0.05,5,Ggnn,VERB,Imp,Vmpn
casniki,morati,izkusiti,1,0.05,4,Ggdn,VERB,Perf,Vmen
casniki,morati,izobraževati,1,0.05,6,Ggnn,VERB,Imp,Vmpn
casniki,morati,izolirati,1,0.05,5,Ggvn,VERB,Both,Vmbn
casniki,morati,izraziti,1,0.05,4,Ggdn,VERB,Perf,Vmen
casniki,morati,izvesti,1,0.05,3,Ggdn,VERB,Perf,Vmen
casniki,morati,izvršiti,1,0.05,3,Ggdn,VERB,Perf,Vmen
casniki,morati,jemati,1,0.05,3,Ggnn,VERB,Imp,Vmpn
casniki,morati,komunisti,1,0.05,4,Sommi,UNK,UNK,Ncmpn
casniki,morati,koncentrirati,1,0.05,5,Ggvn,VERB,Both,Vmbn
casniki,morati,konkurirati,1,0.05,5,Ggvn,VERB,Both,Vmbn
casniki,morati,koordinirati,1,0.05,5,Ggvn,VERB,Both,Vmbn
casniki,morati,kriti,1,0.05,2,Ggnn,VERB,Imp,Vmpn
casniki,morati,kupovati,1,0.05,4,Ggnn,VERB,Imp,Vmpn
casniki,morati,ljubiti,1,0.05,3,Ggnn,VERB,Imp,Vmpn
casniki,morati,lotevati,1,0.05,4,Ggnn,VERB,Imp,Vmpn
casniki,morati,malenkosti,1,0.05,4,Sozer,UNK,UNK,Ncfsg
casniki,morati,mati,1,0.05,2,Sommi,UNK,UNK,Ncmpn
casniki,morati,mazati,1,0.05,3,Ggnn,VERB,Imp,Vmpn
casniki,morati,menjavati,1,0.05,4,Ggnn,VERB,Imp,Vmpn
casniki,morati,modernizirati,1,0.05,6,Ggvn,VERB,Both,Vmbn
casniki,morati,morebiti,1,0.05,4,L,UNK,UNK,Q
casniki,morati,načrtovati,1,0.05,4,Ggnn,VERB,Imp,Vmpn
casniki,morati,nadeti,1,0.05,3,Ggdn,VERB,Perf,Vmen
casniki,morati,nadgraditi,1,0.05,4,Ggdn,VERB,Perf,Vmen
casniki,morati,nadomeščati,1,0.05,5,Ggnn,VERB,Imp,Vmpn
casniki,morati,nadzirati,1,0.05,4,Ggnn,VERB,Imp,Vmpn
casniki,morati,nagrabiti,1,0.05,4,Ggdn,VERB,Perf,Vmen
casniki,morati,napotiti,1,0.05,4,Ggdn,VERB,Perf,Vmen
casniki,morati,napredovati,1,0.05,5,Ggvn,VERB,Both,Vmbn
casniki,morati,narezati,1,0.05,4,Ggdn,VERB,Perf,Vmen
casniki,morati,naročati,1,0.05,4,Ggnn,VERB,Imp,Vmpn
casniki,morati,naročiti,1,0.05,4,Ggdn,VERB,Perf,Vmen
casniki,morati,navaditi,1,0.05,4,Ggdn,VERB,Perf,Vmen
casniki,morati,navesti,1,0.05,3,Ggdn,VERB,Perf,Vmen
casniki,morati,negovati,1,0.05,4,Ggnn,VERB,Imp,Vmpn
casniki,morati,občudovati,1,0.05,5,Ggnn,VERB,Imp,Vmpn
casniki,morati,občutiti,1,0.05,4,Ggdn,VERB,Perf,Vmen
casniki,morati,obljubiti,1,0.05,4,Ggdn,VERB,Perf,Vmen
casniki,morati,obnašati,1,0.05,4,Ggnn,VERB,Imp,Vmpn
casniki,morati,obravnavati,1,0.05,5,Ggnn,VERB,Imp,Vmpn
casniki,morati,obrniti,1,0.05,3,Ggdn,VERB,Perf,Vmen
casniki,morati,obsegati,1,0.05,4,Ggnn,VERB,Imp,Vmpn
casniki,morati,obsojati,1,0.05,4,Ggnn,VERB,Imp,Vmpn
casniki,morati,obveljati,1,0.05,4,Ggdn,VERB,Perf,Vmen
casniki,morati,obvestiti,1,0.05,4,Ggdn,VERB,Perf,Vmen
casniki,morati,obvladati,1,0.05,4,Ggvn,VERB,Both,Vmbn
casniki,morati,oddaljiti,1,0.05,4,Ggdn,VERB,Perf,Vmen
casniki,morati,odgovarjati,1,0.05,5,Ggnn,VERB,Imp,Vmpn
casniki,morati,odgovrajati,1,0.05,5,Ggdn,VERB,Perf,Vmen
casniki,morati,odhiteti,1,0.05,4,Ggdn,VERB,Perf,Vmen
casniki,morati,odnehati,1,0.05,4,Ggdn,VERB,Perf,Vmen
casniki,morati,odnesti,1,0.05,3,Ggdn,VERB,Perf,Vmen
casniki,morati,odpeljati,1,0.05,4,Ggdn,VERB,Perf,Vmen
casniki,morati,odpustiti,1,0.05,4,Ggdn,VERB,Perf,Vmen
casniki,morati,odpuščati,1,0.05,4,Ggnn,VERB,Imp,Vmpn
casniki,morati,odskočiti,1,0.05,4,Ggdn,VERB,Perf,Vmen
casniki,morati,odstopiti,1,0.05,4,Ggdn,VERB,Perf,Vmen
casniki,morati,odvzeti,1,0.05,3,Ggdn,VERB,Perf,Vmen
casniki,morati,ogledati,1,0.05,4,Ggdn,VERB,Perf,Vmen
casniki,morati,ohranjati,1,0.05,4,Ggnn,VERB,Imp,Vmpn
casniki,morati,okužiti,1,0.05,4,Ggdn,VERB,Perf,Vmen
casniki,morati,omogočati,1,0.05,5,Ggnn,VERB,Imp,Vmpn
casniki,morati,opomniti,1,0.05,4,Ggdn,VERB,Perf,Vmen
casniki,morati,opozarjati,1,0.05,5,Ggnn,VERB,Imp,Vmpn
casniki,morati,opravičiti,1,0.05,5,Ggdn,VERB,Perf,Vmen
casniki,morati,opredeliti,1,0.05,5,Ggdn,VERB,Perf,Vmen
casniki,morati,opremiti,1,0.05,4,Ggdn,VERB,Perf,Vmen
casniki,morati,oskrbeti,1,0.05,3,Ggdn,VERB,Perf,Vmen
casniki,morati,osvežiti,1,0.05,4,Ggdn,VERB,Perf,Vmen
casniki,morati,ovrednotiti,1,0.05,5,Ggdn,VERB,Perf,Vmen
casniki,morati,piti,1,0.05,2,Ggnn,VERB,Imp,Vmpn
casniki,morati,pobegniti,1,0.05,4,Ggdn,VERB,Perf,Vmen
casniki,morati,početi,1,0.05,3,Ggvn,VERB,Both,Vmbn
casniki,morati,podpirati,1,0.05,4,Ggnn,VERB,Imp,Vmpn
casniki,morati,podpreti,1,0.05,3,Ggdn,VERB,Perf,Vmen
casniki,morati,pogajati,1,0.05,4,Ggnn,VERB,Imp,Vmpn
casniki,morati,pojesti,1,0.05,3,Ggdn,VERB,Perf,Vmen
casniki,morati,pokopati,1,0.05,4,Ggdn,VERB,Perf,Vmen
casniki,morati,pokoriti,1,0.05,4,Ggdn,VERB,Perf,Vmen
casniki,morati,pokrivati,1,0.05,4,Ggnn,VERB,Imp,Vmpn
casniki,morati,polagati,1,0.05,4,Ggnn,VERB,Imp,Vmpn
casniki,morati,poleteti,1,0.05,4,Ggdn,VERB,Perf,Vmen
casniki,morati,policisti,1,0.05,4,Sommi,UNK,UNK,Ncmpn
casniki,morati,ponotranjiti,1,0.05,5,Ggdn,VERB,Perf,Vmen
casniki,morati,popravljati,1,0.05,4,Ggnn,VERB,Imp,Vmpn
casniki,morati,porabiti,1,0.05,4,Ggdn,VERB,Perf,Vmen
casniki,morati,poravnati,1,0.05,4,Ggdn,VERB,Perf,Vmen
casniki,morati,poročati,1,0.05,4,Ggnn,VERB,Imp,Vmpn
casniki,morati,posekati,1,0.05,4,Ggdn,VERB,Perf,Vmen
casniki,morati,posesati,1,0.05,4,Ggdn,VERB,Perf,Vmen
casniki,morati,poskusiti,1,0.05,4,Ggdn,VERB,Perf,Vmen
casniki,morati,poslati,1,0.05,3,Ggdn,VERB,Perf,Vmen
casniki,morati,pospešiti,1,0.05,4,Ggdn,VERB,Perf,Vmen
casniki,morati,postoriti,1,0.05,4,Ggdn,VERB,Perf,Vmen
casniki,morati,potrkati,1,0.05,3,Ggdn,VERB,Perf,Vmen
casniki,morati,potrpeti,1,0.05,3,Ggvn,VERB,Both,Vmbn
casniki,morati,poučiti,1,0.05,3,Ggdn,VERB,Perf,Vmen
casniki,morati,poudarjati,1,0.05,4,Ggnn,VERB,Imp,Vmpn
casniki,morati,povišati,1,0.05,4,Ggdn,VERB,Perf,Vmen
casniki,morati,povzdigniti,1,0.05,4,Ggdn,VERB,Perf,Vmen
casniki,morati,pozornosti,1,0.05,4,Sozer,UNK,UNK,Ncfsg
casniki,morati,prebrati,1,0.05,3,Ggdn,VERB,Perf,Vmen
casniki,morati,prebroditi,1,0.05,4,Ggdn,VERB,Perf,Vmen
casniki,morati,prečkati,1,0.05,3,Ggvn,VERB,Both,Vmbn
casniki,morati,predati,1,0.05,3,Ggdn,VERB,Perf,Vmen
casniki,morati,predstaviti,1,0.05,4,Ggdn,VERB,Perf,Vmen
casniki,morati,prehoditi,1,0.05,4,Ggdn,VERB,Perf,Vmen
casniki,morati,prejeti,1,0.05,3,Ggdn,VERB,Perf,Vmen
casniki,morati,preklopiti,1,0.05,4,Ggdn,VERB,Perf,Vmen
casniki,morati,prelomiti,1,0.05,4,Ggdn,VERB,Perf,Vmen
casniki,morati,premagati,1,0.05,4,Ggdn,VERB,Perf,Vmen
casniki,morati,premagovati,1,0.05,5,Ggnn,VERB,Imp,Vmpn
casniki,morati,premakniti,1,0.05,4,Ggdn,VERB,Perf,Vmen
casniki,morati,prenehati,1,0.05,4,Ggdn,VERB,Perf,Vmen
casniki,morati,prepoloviti,1,0.05,5,Ggdn,VERB,Perf,Vmen
casniki,morati,preprečiti,1,0.05,4,Ggdn,VERB,Perf,Vmen
casniki,morati,prepričati,1,0.05,4,Ggdn,VERB,Perf,Vmen
casniki,morati,preseči,1,0.05,3,Ggdn,VERB,Perf,Vmen
casniki,morati,preskočiti,1,0.05,4,Ggdn,VERB,Perf,Vmen
casniki,morati,prestati,1,0.05,3,Ggdn,VERB,Perf,Vmen
casniki,morati,pretrpeti,1,0.05,3,Ggdn,VERB,Perf,Vmen
casniki,morati,preučiti,1,0.05,3,Ggdn,VERB,Perf,Vmen
casniki,morati,preusmeriti,1,0.05,4,Ggdn,VERB,Perf,Vmen
casniki,morati,prevoziti,1,0.05,4,Ggdn,VERB,Perf,Vmen
casniki,morati,prevzeti,1,0.05,3,Ggdn,VERB,Perf,Vmen
casniki,morati,prevzgojiti,1,0.05,4,Ggdn,VERB,Perf,Vmen
casniki,morati,približati,1,0.05,4,Ggdn,VERB,Perf,Vmen
casniki,morati,pridobivati,1,0.05,5,Ggnn,VERB,Imp,Vmpn
casniki,morati,priklopiti,1,0.05,4,Ggdn,VERB,Perf,Vmen
casniki,morati,prilagajati,1,0.05,5,Ggnn,VERB,Imp,Vmpn
casniki,morati,priložiti,1,0.05,4,Ggdn,VERB,Perf,Vmen
casniki,morati,pripadati,1,0.05,4,Ggnn,VERB,Imp,Vmpn
casniki,morati,pripeljati,1,0.05,4,Ggdn,VERB,Perf,Vmen
casniki,morati,pripomniti,1,0.05,4,Ggdn,VERB,Perf,Vmen
casniki,morati,pripovedovati,1,0.05,6,Ggnn,VERB,Imp,Vmpn
casniki,morati,prisiliti,1,0.05,4,Ggdn,VERB,Perf,Vmen
casniki,morati,priskrbeti,1,0.05,3,Ggdn,VERB,Perf,Vmen
casniki,morati,prisluhniti,1,0.05,4,Ggdn,VERB,Perf,Vmen
casniki,morati,prispevati,1,0.05,4,Ggvn,VERB,Both,Vmbn
casniki,morati,pritrditi,1,0.05,3,Ggdn,VERB,Perf,Vmen
casniki,morati,priučiti,1,0.05,3,Ggdn,VERB,Perf,Vmen
casniki,morati,privaditi,1,0.05,4,Ggdn,VERB,Perf,Vmen
casniki,morati,privajati,1,0.05,4,Ggnn,VERB,Imp,Vmpn
casniki,morati,prizemljiti,1,0.05,4,Ggdn,VERB,Perf,Vmen
casniki,morati,računati,1,0.05,4,Ggnn,VERB,Imp,Vmpn
casniki,morati,razbiti,1,0.05,3,Ggdn,VERB,Perf,Vmen
casniki,morati,razjasniti,1,0.05,4,Ggdn,VERB,Perf,Vmen
casniki,morati,razkuževati,1,0.05,5,Ggnn,VERB,Imp,Vmpn
casniki,morati,razkužiti,1,0.05,4,Ggdn,VERB,Perf,Vmen
casniki,morati,razočarati,1,0.05,5,Ggdn,VERB,Perf,Vmen
casniki,morati,razpisati,1,0.05,4,Ggdn,VERB,Perf,Vmen
casniki,morati,razporediti,1,0.05,5,Ggdn,VERB,Perf,Vmen
casniki,morati,razstrupiti,1,0.05,4,Ggdn,VERB,Perf,Vmen
casniki,morati,razvijati,1,0.05,4,Ggnn,VERB,Imp,Vmpn
casniki,morati,razviti,1,0.05,3,Ggdn,VERB,Perf,Vmen
casniki,morati,reagirati,1,0.05,4,Ggvn,VERB,Both,Vmbn
casniki,morati,registrirati,1,0.05,5,Ggvn,VERB,Both,Vmbn
casniki,morati,roditi,1,0.05,3,Ggvn,VERB,Both,Vmbn
casniki,morati,samoizolirati,1,0.05,6,Ggvn,VERB,Both,Vmbn
casniki,morati,sankcionirati,1,0.05,5,Ggvn,VERB,Both,Vmbn
casniki,morati,sesti,1,0.05,2,Ggdn,VERB,Perf,Vmen
casniki,morati,seznaniti,1,0.05,4,Ggdn,VERB,Perf,Vmen
casniki,morati,sistemizirati,1,0.05,6,Ggvn,VERB,Both,Vmbn
casniki,morati,skladiščiti,1,0.05,4,Ggnn,VERB,Imp,Vmpn
casniki,morati,skočiti,1,0.05,3,Ggdn,VERB,Perf,Vmen
casniki,morati,skrajšati,1,0.05,3,Ggdn,VERB,Perf,Vmen
casniki,morati,skrivati,1,0.05,3,Ggnn,VERB,Imp,Vmpn
casniki,morati,slišati,1,0.05,3,Ggvn,VERB,Both,Vmbn
casniki,morati,služiti,1,0.05,3,Ggnn,VERB,Imp,Vmpn
casniki,morati,sneti,1,0.05,2,Ggdn,VERB,Perf,Vmen
casniki,morati,soočati,1,0.05,3,Ggnn,VERB,Imp,Vmpn
casniki,morati,spati,1,0.05,2,Ggnn,VERB,Imp,Vmpn
casniki,morati,spoprijeti,1,0.05,4,Ggdn,VERB,Perf,Vmen
casniki,morati,spraviti,1,0.05,3,Ggdn,VERB,Perf,Vmen
casniki,morati,sprehoditi,1,0.05,4,Ggdn,VERB,Perf,Vmen
casniki,morati,sprejemati,1,0.05,4,Ggnn,VERB,Imp,Vmpn
casniki,morati,sproti,1,0.05,2,Rsn,UNK,UNK,Rgp
casniki,morati,spustiti,1,0.05,3,Ggdn,VERB,Perf,Vmen
casniki,morati,srečati,1,0.05,3,Ggdn,VERB,Perf,Vmen
casniki,morati,staviti,1,0.05,3,Ggvn,VERB,Both,Vmbn
casniki,morati,streči,1,0.05,2,Ggnn,VERB,Imp,Vmpn
casniki,morati,šolati,1,0.05,3,Ggnn,VERB,Imp,Vmpn
casniki,morati,temeljiti,1,0.05,4,Ggnn,VERB,Imp,Vmpn
casniki,morati,trajati,1,0.05,3,Ggnn,VERB,Imp,Vmpn
casniki,morati,trenirati,1,0.05,4,Ggnn,VERB,Imp,Vmpn
casniki,morati,trpeti,1,0.05,2,Ggnn,VERB,Imp,Vmpn
casniki,morati,turisti,1,0.05,3,Sommi,UNK,UNK,Ncmpn
casniki,morati,tvoriti,1,0.05,3,Ggnn,VERB,Imp,Vmpn
casniki,morati,ugotoviti,1,0.05,5,Ggdn,VERB,Perf,Vmen
casniki,morati,ugrizniti,1,0.05,4,Ggdn,VERB,Perf,Vmen
casniki,morati,ukrotiti,1,0.05,4,Ggdn,VERB,Perf,Vmen
casniki,morati,umiriti,1,0.05,4,Ggdn,VERB,Perf,Vmen
casniki,morati,umivati,1,0.05,4,Ggnn,VERB,Imp,Vmpn
casniki,morati,umoriti,1,0.05,4,Ggdn,VERB,Perf,Vmen
casniki,morati,umreti,1,0.05,3,Ggdn,VERB,Perf,Vmen
casniki,morati,upodobiti,1,0.05,5,Ggdn,VERB,Perf,Vmen
casniki,morati,upokojiti,1,0.05,5,Ggdn,VERB,Perf,Vmen
casniki,morati,ustrezati,1,0.05,4,Ggnn,VERB,Imp,Vmpn
casniki,morati,varnosti,1,0.05,3,Sozer,UNK,UNK,Ncfsg
casniki,morati,varovati,1,0.05,4,Ggnn,VERB,Imp,Vmpn
casniki,morati,vcepiti,1,0.05,3,Ggdn,VERB,Perf,Vmen
casniki,morati,verjeti,1,0.05,3,Ggvn,VERB,Both,Vmbn
casniki,morati,vmešati,1,0.05,3,Ggdn,VERB,Perf,Vmen
casniki,morati,vnesti,1,0.05,2,Ggdn,VERB,Perf,Vmen
casniki,morati,voliti,1,0.05,3,Ggvn,VERB,Both,Vmbn
casniki,morati,vpisovati,1,0.05,4,Ggnn,VERB,Imp,Vmpn
casniki,morati,vsebovati,1,0.05,4,Ggnn,VERB,Imp,Vmpn
casniki,morati,vstati,1,0.05,2,Ggdn,VERB,Perf,Vmen
casniki,morati,vstopiti,1,0.05,3,Ggdn,VERB,Perf,Vmen
casniki,morati,vzdrževati,1,0.05,3,Ggnn,VERB,Imp,Vmpn
casniki,morati,vzgojiti,1,0.05,3,Ggdn,VERB,Perf,Vmen
casniki,morati,zabavati,1,0.05,4,Ggnn,VERB,Imp,Vmpn
casniki,morati,začutiti,1,0.05,4,Ggdn,VERB,Perf,Vmen
casniki,morati,zagnati,1,0.05,3,Ggdn,VERB,Perf,Vmen
casniki,morati,zagoreti,1,0.05,4,Ggdn,VERB,Perf,Vmen
casniki,morati,zahvaliti,1,0.05,4,Ggdn,VERB,Perf,Vmen
casniki,morati,zajemati,1,0.05,4,Ggnn,VERB,Imp,Vmpn
casniki,morati,zamenjati,1,0.05,4,Ggdn,VERB,Perf,Vmen
casniki,morati,zanašati,1,0.05,4,Ggnn,VERB,Imp,Vmpn
casniki,morati,zanimati,1,0.05,4,Ggnn,VERB,Imp,Vmpn
casniki,morati,zaobjeti,1,0.05,3,Ggdn,VERB,Perf,Vmen
casniki,morati,zapolniti,1,0.05,4,Ggdn,VERB,Perf,Vmen
casniki,morati,zapomniti,1,0.05,4,Ggdn,VERB,Perf,Vmen
casniki,morati,zaprositi,1,0.05,4,Ggdn,VERB,Perf,Vmen
casniki,morati,zaslužiti,1,0.05,4,Ggdn,VERB,Perf,Vmen
casniki,morati,zastaviti,1,0.05,4,Ggdn,VERB,Perf,Vmen
casniki,morati,zaužiti,1,0.05,3,Ggdn,VERB,Perf,Vmen
casniki,morati,zavedeti,1,0.05,4,Ggdn,VERB,Perf,Vmen
casniki,morati,zavzeti,1,0.05,3,Ggdn,VERB,Perf,Vmen
casniki,morati,zbadati,1,0.05,3,Ggnn,VERB,Imp,Vmpn
casniki,morati,združiti,1,0.05,3,Ggdn,VERB,Perf,Vmen
casniki,morati,zdržati,1,0.05,2,Ggdn,VERB,Perf,Vmen
casniki,morati,zvišati,1,0.05,3,Ggdn,VERB,Perf,Vmen
casniki,morati,zvrstiti,1,0.05,2,Ggdn,VERB,Perf,Vmen
casniki,morati,žrtvovati,1,0.05,3,Ggvn,VERB,Both,Vmbn
casniki,treba,upoštevati,15,3.41,5,Ggvn,VERB,Both,Vmbn
casniki,treba,biti,14,3.18,2,Gp-n,AUX,Imp,Va-n
casniki,treba,narediti,14,3.18,4,Ggdn,VERB,Perf,Vmen
casniki,treba,vedeti,9,2.05,3,Ggnn,VERB,Imp,Vmpn
casniki,treba,zagotoviti,9,2.05,5,Ggdn,VERB,Perf,Vmen
casniki,treba,dati,8,1.82,2,Ggdn,VERB,Perf,Vmen
casniki,treba,nositi,7,1.59,3,Ggnn,VERB,Imp,Vmpn
casniki,treba,odšteti,7,1.59,3,Ggdn,VERB,Perf,Vmen
casniki,treba,poudariti,7,1.59,4,Ggdn,VERB,Perf,Vmen
casniki,treba,bati,6,1.36,2,Ggnn,VERB,Imp,Vmpn
casniki,treba,delati,6,1.36,3,Ggnn,VERB,Imp,Vmpn
casniki,treba,obravnavati,6,1.36,5,Ggnn,VERB,Imp,Vmpn
casniki,treba,počakati,6,1.36,4,Ggdn,VERB,Perf,Vmen
casniki,treba,poiskati,6,1.36,3,Ggdn,VERB,Perf,Vmen
casniki,treba,spremeniti,6,1.36,4,Ggdn,VERB,Perf,Vmen
casniki,treba,poskrbeti,5,1.14,3,Ggdn,VERB,Perf,Vmen
casniki,treba,predložiti,5,1.14,4,Ggdn,VERB,Perf,Vmen
casniki,treba,storiti,5,1.14,3,Ggdn,VERB,Perf,Vmen
casniki,treba,zavedati,5,1.14,4,Ggnn,VERB,Imp,Vmpn
casniki,treba,čakati,4,0.91,3,Ggnn,VERB,Imp,Vmpn
casniki,treba,dodati,4,0.91,3,Ggdn,VERB,Perf,Vmen
casniki,treba,iskati,4,0.91,3,Ggnn,VERB,Imp,Vmpn
casniki,treba,izogibati,4,0.91,5,Ggnn,VERB,Imp,Vmpn
casniki,treba,izpolniti,4,0.91,4,Ggdn,VERB,Perf,Vmen
casniki,treba,omeniti,4,0.91,4,Ggdn,VERB,Perf,Vmen
casniki,treba,opozoriti,4,0.91,5,Ggdn,VERB,Perf,Vmen
casniki,treba,priznati,4,0.91,3,Ggdn,VERB,Perf,Vmen
casniki,treba,razumeti,4,0.91,4,Ggvn,VERB,Both,Vmbn
casniki,treba,spoštovati,4,0.91,4,Ggnn,VERB,Imp,Vmpn
casniki,treba,deliti,3,0.68,3,Ggnn,VERB,Imp,Vmpn
casniki,treba,igrati,3,0.68,3,Ggnn,VERB,Imp,Vmpn
casniki,treba,imeti,3,0.68,3,Ggnn,VERB,Imp,Vmpn
casniki,treba,najti,3,0.68,2,Ggdn,VERB,Perf,Vmen
casniki,treba,nameniti,3,0.68,4,Ggdn,VERB,Perf,Vmen
casniki,treba,naučiti,3,0.68,3,Ggdn,VERB,Perf,Vmen
casniki,treba,opraviti,3,0.68,4,Ggdn,VERB,Perf,Vmen
casniki,treba,organizirati,3,0.68,6,Ggvn,VERB,Both,Vmbn
casniki,treba,osredotočiti,3,0.68,6,Ggdn,VERB,Perf,Vmen
casniki,treba,plačati,3,0.68,3,Ggdn,VERB,Perf,Vmen
casniki,treba,pošiljati,3,0.68,4,Ggnn,VERB,Imp,Vmpn
casniki,treba,presojati,3,0.68,4,Ggnn,VERB,Imp,Vmpn
casniki,treba,priti,3,0.68,2,Ggdn,VERB,Perf,Vmen
casniki,treba,skrbeti,3,0.68,2,Ggnn,VERB,Imp,Vmpn
casniki,treba,začeti,3,0.68,3,Ggdn,VERB,Perf,Vmen
casniki,treba,zamenjati,3,0.68,4,Ggdn,VERB,Perf,Vmen
casniki,treba,dokazati,2,0.45,4,Ggdn,VERB,Perf,Vmen
casniki,treba,držati,2,0.45,2,Ggnn,VERB,Imp,Vmpn
casniki,treba,gledati,2,0.45,3,Ggnn,VERB,Imp,Vmpn
casniki,treba,govoriti,2,0.45,4,Ggnn,VERB,Imp,Vmpn
casniki,treba,iti,2,0.45,2,Ggvn,VERB,Both,Vmbn
casniki,treba,izvesti,2,0.45,3,Ggdn,VERB,Perf,Vmen
casniki,treba,nadgraditi,2,0.45,4,Ggdn,VERB,Perf,Vmen
casniki,treba,nadoknaditi,2,0.45,5,Ggdn,VERB,Perf,Vmen
casniki,treba,obdržati,2,0.45,3,Ggdn,VERB,Perf,Vmen
casniki,treba,oddati,2,0.45,3,Ggdn,VERB,Perf,Vmen
casniki,treba,odločiti,2,0.45,4,Ggdn,VERB,Perf,Vmen
casniki,treba,ostati,2,0.45,3,Ggdn,VERB,Perf,Vmen
casniki,treba,paziti,2,0.45,3,Ggnn,VERB,Imp,Vmpn
casniki,treba,plačevati,2,0.45,4,Ggnn,VERB,Imp,Vmpn
casniki,treba,pogledati,2,0.45,4,Ggdn,VERB,Perf,Vmen
casniki,treba,pomagati,2,0.45,4,Ggvn,VERB,Both,Vmbn
casniki,treba,poseči,2,0.45,3,Ggdn,VERB,Perf,Vmen
casniki,treba,potruditi,2,0.45,4,Ggdn,VERB,Perf,Vmen
casniki,treba,povedati,2,0.45,4,Ggdn,VERB,Perf,Vmen
casniki,treba,preveriti,2,0.45,4,Ggdn,VERB,Perf,Vmen
casniki,treba,prevzeti,2,0.45,3,Ggdn,VERB,Perf,Vmen
casniki,treba,prezračiti,2,0.45,4,Ggdn,VERB,Perf,Vmen
casniki,treba,prijaviti,2,0.45,4,Ggdn,VERB,Perf,Vmen
casniki,treba,pripisati,2,0.45,4,Ggdn,VERB,Perf,Vmen
casniki,treba,prisluhniti,2,0.45,4,Ggdn,VERB,Perf,Vmen
casniki,treba,pritegniti,2,0.45,4,Ggdn,VERB,Perf,Vmen
casniki,treba,razkriti,2,0.45,3,Ggdn,VERB,Perf,Vmen
casniki,treba,skrivati,2,0.45,3,Ggnn,VERB,Imp,Vmpn
casniki,treba,slediti,2,0.45,3,Ggnn,VERB,Imp,Vmpn
casniki,treba,sprejeti,2,0.45,3,Ggdn,VERB,Perf,Vmen
casniki,treba,uporabiti,2,0.45,5,Ggdn,VERB,Perf,Vmen
casniki,treba,vlagati,2,0.45,3,Ggnn,VERB,Imp,Vmpn
casniki,treba,vložiti,2,0.45,3,Ggdn,VERB,Perf,Vmen
casniki,treba,vprašati,2,0.45,3,Ggdn,VERB,Perf,Vmen
casniki,treba,vrniti,2,0.45,2,Ggdn,VERB,Perf,Vmen
casniki,treba,vzeti,2,0.45,2,Ggdn,VERB,Perf,Vmen
casniki,treba,zagnati,2,0.45,3,Ggdn,VERB,Perf,Vmen
casniki,treba,amputirati,1,0.23,5,Ggvn,VERB,Both,Vmbn
casniki,treba,barvati,1,0.23,3,Ggnn,VERB,Imp,Vmpn
casniki,treba,boriti,1,0.23,3,Ggnn,VERB,Imp,Vmpn
casniki,treba,čistiti,1,0.23,3,Ggnn,VERB,Imp,Vmpn
casniki,treba,čuvati,1,0.23,3,Ggnn,VERB,Imp,Vmpn
casniki,treba,delovati,1,0.23,4,Ggnn,VERB,Imp,Vmpn
casniki,treba,dokazovati,1,0.23,5,Ggnn,VERB,Imp,Vmpn
casniki,treba,doseči,1,0.23,3,Ggdn,VERB,Perf,Vmen
casniki,treba,dovoliti,1,0.23,4,Ggdn,VERB,Perf,Vmen
casniki,treba,doživeti,1,0.23,4,Ggdn,VERB,Perf,Vmen
casniki,treba,gasiti,1,0.23,3,Ggnn,VERB,Imp,Vmpn
casniki,treba,hiteti,1,0.23,3,Ggnn,VERB,Imp,Vmpn
casniki,treba,hraniti,1,0.23,3,Ggnn,VERB,Imp,Vmpn
casniki,treba,izbrati,1,0.23,3,Ggdn,VERB,Perf,Vmen
casniki,treba,izkoreniniti,1,0.23,6,Ggdn,VERB,Perf,Vmen
casniki,treba,izkoristiti,1,0.23,5,Ggdn,VERB,Perf,Vmen
casniki,treba,izobraževati,1,0.23,6,Ggnn,VERB,Imp,Vmpn
casniki,treba,izpostavljati,1,0.23,5,Ggnn,VERB,Imp,Vmpn
casniki,treba,iztrgati,1,0.23,3,Ggdn,VERB,Perf,Vmen
casniki,treba,izumljati,1,0.23,4,Ggnn,VERB,Imp,Vmpn
casniki,treba,izvršiti,1,0.23,3,Ggdn,VERB,Perf,Vmen
casniki,treba,jemati,1,0.23,3,Ggnn,VERB,Imp,Vmpn
casniki,treba,kljubovati,1,0.23,4,Ggnn,VERB,Imp,Vmpn
casniki,treba,koristiti,1,0.23,4,Ggnn,VERB,Imp,Vmpn
casniki,treba,kovati,1,0.23,3,Ggnn,VERB,Imp,Vmpn
casniki,treba,kupovati,1,0.23,4,Ggnn,VERB,Imp,Vmpn
casniki,treba,ločevati,1,0.23,4,Ggnn,VERB,Imp,Vmpn
casniki,treba,načrtovati,1,0.23,4,Ggnn,VERB,Imp,Vmpn
casniki,treba,nadomestiti,1,0.23,5,Ggdn,VERB,Perf,Vmen
casniki,treba,naliti,1,0.23,3,Ggdn,VERB,Perf,Vmen
casniki,treba,namakati,1,0.23,4,Ggnn,VERB,Imp,Vmpn
casniki,treba,naročiti,1,0.23,4,Ggdn,VERB,Perf,Vmen
casniki,treba,naslavljati,1,0.23,4,Ggnn,VERB,Imp,Vmpn
casniki,treba,navaditi,1,0.23,4,Ggdn,VERB,Perf,Vmen
casniki,treba,navesti,1,0.23,3,Ggdn,VERB,Perf,Vmen
casniki,treba,niti,1,0.23,2,L,UNK,UNK,Q
casniki,treba,obdelati,1,0.23,4,Ggdn,VERB,Perf,Vmen
casniki,treba,obnašati,1,0.23,4,Ggnn,VERB,Imp,Vmpn
casniki,treba,odpreti,1,0.23,3,Ggdn,VERB,Perf,Vmen
casniki,treba,odzvati,1,0.23,3,Ggdn,VERB,Perf,Vmen
casniki,treba,ohraniti,1,0.23,4,Ggdn,VERB,Perf,Vmen
casniki,treba,ohranjati,1,0.23,4,Ggnn,VERB,Imp,Vmpn
casniki,treba,omogočiti,1,0.23,5,Ggdn,VERB,Perf,Vmen
casniki,treba,opravljati,1,0.23,4,Ggnn,VERB,Imp,Vmpn
casniki,treba,opremiti,1,0.23,4,Ggdn,VERB,Perf,Vmen
casniki,treba,označiti,1,0.23,4,Ggdn,VERB,Perf,Vmen
casniki,treba,počistiti,1,0.23,4,Ggdn,VERB,Perf,Vmen
casniki,treba,podpirati,1,0.23,4,Ggnn,VERB,Imp,Vmpn
casniki,treba,poenotiti,1,0.23,4,Ggdn,VERB,Perf,Vmen
casniki,treba,pohvaliti,1,0.23,4,Ggdn,VERB,Perf,Vmen
casniki,treba,pokazati,1,0.23,4,Ggdn,VERB,Perf,Vmen
casniki,treba,poklicati,1,0.23,4,Ggdn,VERB,Perf,Vmen
casniki,treba,porabiti,1,0.23,4,Ggdn,VERB,Perf,Vmen
casniki,treba,posejati,1,0.23,4,Ggdn,VERB,Perf,Vmen
casniki,treba,posloviti,1,0.23,4,Ggdn,VERB,Perf,Vmen
casniki,treba,poslušati,1,0.23,4,Ggnn,VERB,Imp,Vmpn
casniki,treba,pospremiti,1,0.23,4,Ggdn,VERB,Perf,Vmen
casniki,treba,posredovati,1,0.23,5,Ggvn,VERB,Both,Vmbn
casniki,treba,postaviti,1,0.23,4,Ggdn,VERB,Perf,Vmen
casniki,treba,posvetiti,1,0.23,4,Ggdn,VERB,Perf,Vmen
casniki,treba,posvetovati,1,0.23,5,Ggvn,VERB,Both,Vmbn
casniki,treba,pozivati,1,0.23,4,Ggnn,VERB,Imp,Vmpn
casniki,treba,poznati,1,0.23,3,Ggnn,VERB,Imp,Vmpn
casniki,treba,predajati,1,0.23,4,Ggnn,VERB,Imp,Vmpn
casniki,treba,pregledati,1,0.23,4,Ggdn,VERB,Perf,Vmen
casniki,treba,preiti,1,0.23,2,Ggdn,VERB,Perf,Vmen
casniki,treba,prenehati,1,0.23,4,Ggdn,VERB,Perf,Vmen
casniki,treba,prenesti,1,0.23,3,Ggdn,VERB,Perf,Vmen
casniki,treba,preprečiti,1,0.23,4,Ggdn,VERB,Perf,Vmen
casniki,treba,prepričati,1,0.23,4,Ggdn,VERB,Perf,Vmen
casniki,treba,presoditi,1,0.23,4,Ggdn,VERB,Perf,Vmen
casniki,treba,prestajati,1,0.23,4,Ggnn,VERB,Imp,Vmpn
casniki,treba,pretehtati,1,0.23,4,Ggdn,VERB,Perf,Vmen
casniki,treba,pretiravati,1,0.23,5,Ggnn,VERB,Imp,Vmpn
casniki,treba,prevetriti,1,0.23,4,Ggdn,VERB,Perf,Vmen
casniki,treba,preživeti,1,0.23,4,Ggdn,VERB,Perf,Vmen
casniki,treba,priključiti,1,0.23,4,Ggdn,VERB,Perf,Vmen
casniki,treba,prikloniti,1,0.23,4,Ggdn,VERB,Perf,Vmen
casniki,treba,priklopiti,1,0.23,4,Ggdn,VERB,Perf,Vmen
casniki,treba,prilagoditi,1,0.23,5,Ggdn,VERB,Perf,Vmen
casniki,treba,prinesti,1,0.23,3,Ggdn,VERB,Perf,Vmen
casniki,treba,prišteti,1,0.23,3,Ggdn,VERB,Perf,Vmen
casniki,treba,prižgati,1,0.23,3,Ggdn,VERB,Perf,Vmen
casniki,treba,proučiti,1,0.23,3,Ggdn,VERB,Perf,Vmen
casniki,treba,pustiti,1,0.23,3,Ggdn,VERB,Perf,Vmen
casniki,treba,ravnati,1,0.23,3,Ggnn,VERB,Imp,Vmpn
casniki,treba,razbremeniti,1,0.23,5,Ggdn,VERB,Perf,Vmen
casniki,treba,razčistiti,1,0.23,4,Ggdn,VERB,Perf,Vmen
casniki,treba,raziskati,1,0.23,4,Ggdn,VERB,Perf,Vmen
casniki,treba,razkrinkati,1,0.23,4,Ggdn,VERB,Perf,Vmen
casniki,treba,razkužiti,1,0.23,4,Ggdn,VERB,Perf,Vmen
casniki,treba,razlikovati,1,0.23,5,Ggnn,VERB,Imp,Vmpn
casniki,treba,razmakniti,1,0.23,4,Ggdn,VERB,Perf,Vmen
casniki,treba,rehabilitirati,1,0.23,7,Ggvn,VERB,Both,Vmbn
casniki,treba,reorganizirati,1,0.23,6,Ggvn,VERB,Both,Vmbn
casniki,treba,sedeti,1,0.23,3,Ggnn,VERB,Imp,Vmpn
casniki,treba,sestavljati,1,0.23,4,Ggnn,VERB,Imp,Vmpn
casniki,treba,seznaniti,1,0.23,4,Ggdn,VERB,Perf,Vmen
casniki,treba,shraniti,1,0.23,3,Ggdn,VERB,Perf,Vmen
casniki,treba,skleniti,1,0.23,3,Ggdn,VERB,Perf,Vmen
casniki,treba,soočati,1,0.23,3,Ggnn,VERB,Imp,Vmpn
casniki,treba,spodbujati,1,0.23,4,Ggnn,VERB,Imp,Vmpn
casniki,treba,spopasti,1,0.23,3,Ggdn,VERB,Perf,Vmen
casniki,treba,spoprijeti,1,0.23,4,Ggdn,VERB,Perf,Vmen
casniki,treba,spoznati,1,0.23,3,Ggvn,VERB,Both,Vmbn
casniki,treba,sprehoditi,1,0.23,4,Ggdn,VERB,Perf,Vmen
casniki,treba,spremljati,1,0.23,3,Ggnn,VERB,Imp,Vmpn
casniki,treba,sprostiti,1,0.23,3,Ggdn,VERB,Perf,Vmen
casniki,treba,sprožiti,1,0.23,3,Ggdn,VERB,Perf,Vmen
casniki,treba,stopiti,1,0.23,3,Ggdn,VERB,Perf,Vmen
casniki,treba,testirati,1,0.23,4,Ggvn,VERB,Both,Vmbn
casniki,treba,ugotoviti,1,0.23,5,Ggdn,VERB,Perf,Vmen
casniki,treba,ukazati,1,0.23,4,Ggdn,VERB,Perf,Vmen
casniki,treba,ukrepati,1,0.23,4,Ggnn,VERB,Imp,Vmpn
casniki,treba,ukvarjati,1,0.23,4,Ggnn,VERB,Imp,Vmpn
casniki,treba,umakniti,1,0.23,4,Ggdn,VERB,Perf,Vmen
casniki,treba,usesti,1,0.23,3,Ggdn,VERB,Perf,Vmen
casniki,treba,ustaviti,1,0.23,4,Ggdn,VERB,Perf,Vmen
casniki,treba,uvesti,1,0.23,3,Ggdn,VERB,Perf,Vmen
casniki,treba,vključevati,1,0.23,4,Ggnn,VERB,Imp,Vmpn
casniki,treba,vključiti,1,0.23,3,Ggdn,VERB,Perf,Vmen
casniki,treba,vpeljati,1,0.23,3,Ggdn,VERB,Perf,Vmen
casniki,treba,vzdržati,1,0.23,2,Ggdn,VERB,Perf,Vmen
casniki,treba,vzpostaviti,1,0.23,4,Ggdn,VERB,Perf,Vmen
casniki,treba,zapirati,1,0.23,4,Ggnn,VERB,Imp,Vmpn
casniki,treba,zaščititi,1,0.23,4,Ggdn,VERB,Perf,Vmen
casniki,treba,zaupati,1,0.23,3,Ggvn,VERB,Both,Vmbn
casniki,treba,zavarovati,1,0.23,5,Ggdn,VERB,Perf,Vmen
casniki,treba,zaviti,1,0.23,3,Ggdn,VERB,Perf,Vmen
casniki,treba,zavreči,1,0.23,3,Ggdn,VERB,Perf,Vmen
casniki,treba,združiti,1,0.23,3,Ggdn,VERB,Perf,Vmen
casniki,treba,znati,1,0.23,2,Ggnn,VERB,Imp,Vmpn
twitter,morati,biti,298,29.04,2,Gp-n,AUX,Imp,Va-n
twitter,morati,imeti,53,5.17,3,Ggnn,VERB,Imp,Vmpn
twitter,morati,postati,16,1.56,3,Ggdn,VERB,Perf,Vmen
twitter,morati,vedeti,14,1.36,3,Ggnn,VERB,Imp,Vmpn
twitter,morati,storiti,11,1.07,3,Ggdn,VERB,Perf,Vmen
twitter,morati,dati,10,0.97,2,Ggdn,VERB,Perf,Vmen
twitter,morati,poskrbeti,10,0.97,3,Ggdn,VERB,Perf,Vmen
twitter,morati,znati,10,0.97,2,Ggnn,VERB,Imp,Vmpn
twitter,morati,narediti,9,0.88,4,Ggdn,VERB,Perf,Vmen
twitter,morati,sprejeti,9,0.88,3,Ggdn,VERB,Perf,Vmen
twitter,morati,začeti,9,0.88,3,Ggdn,VERB,Perf,Vmen
twitter,morati,dobiti,7,0.68,3,Ggdn,VERB,Perf,Vmen
twitter,morati,odstopiti,7,0.68,4,Ggdn,VERB,Perf,Vmen
twitter,morati,ostati,7,0.68,3,Ggdn,VERB,Perf,Vmen
twitter,morati,povedati,7,0.68,4,Ggdn,VERB,Perf,Vmen
twitter,morati,priznati,7,0.68,3,Ggdn,VERB,Perf,Vmen
twitter,morati,spoštovati,7,0.68,4,Ggnn,VERB,Imp,Vmpn
twitter,morati,plačati,6,0.58,3,Ggdn,VERB,Perf,Vmen
twitter,morati,podpreti,6,0.58,3,Ggdn,VERB,Perf,Vmen
twitter,morati,stopiti,6,0.58,3,Ggdn,VERB,Perf,Vmen
twitter,morati,ukrepati,6,0.58,4,Ggnn,VERB,Imp,Vmpn
twitter,morati,vračati,6,0.58,3,Ggnn,VERB,Imp,Vmpn
twitter,morati,zagotoviti,6,0.58,5,Ggdn,VERB,Perf,Vmen
twitter,morati,boriti,5,0.49,3,Ggnn,VERB,Imp,Vmpn
twitter,morati,končati,5,0.49,3,Ggdn,VERB,Perf,Vmen
twitter,morati,omogočiti,5,0.49,5,Ggdn,VERB,Perf,Vmen
twitter,morati,opraviti,5,0.49,4,Ggdn,VERB,Perf,Vmen
twitter,morati,poznati,5,0.49,3,Ggnn,VERB,Imp,Vmpn
twitter,morati,reči,5,0.49,2,Ggdn,VERB,Perf,Vmen
twitter,morati,skrbeti,5,0.49,2,Ggnn,VERB,Imp,Vmpn
twitter,morati,slediti,5,0.49,3,Ggnn,VERB,Imp,Vmpn
twitter,morati,voditi,5,0.49,3,Ggnn,VERB,Imp,Vmpn
twitter,morati,vprašati,5,0.49,3,Ggdn,VERB,Perf,Vmen
twitter,morati,zagovarjati,5,0.49,5,Ggnn,VERB,Imp,Vmpn
twitter,morati,braniti,4,0.39,3,Ggnn,VERB,Imp,Vmpn
twitter,morati,govoriti,4,0.39,4,Ggnn,VERB,Imp,Vmpn
twitter,morati,najti,4,0.39,2,Ggdn,VERB,Perf,Vmen
twitter,morati,odgovarjati,4,0.39,5,Ggnn,VERB,Imp,Vmpn
twitter,morati,počakati,4,0.39,4,Ggdn,VERB,Perf,Vmen
twitter,morati,pojasniti,4,0.39,4,Ggdn,VERB,Perf,Vmen
twitter,morati,sodelovati,4,0.39,5,Ggnn,VERB,Imp,Vmpn
twitter,morati,temeljiti,4,0.39,4,Ggnn,VERB,Imp,Vmpn
twitter,morati,ustvariti,4,0.39,4,Ggdn,VERB,Perf,Vmen
twitter,morati,veljati,4,0.39,3,Ggnn,VERB,Imp,Vmpn
twitter,morati,videti,4,0.39,3,Ggvn,VERB,Both,Vmbn
twitter,morati,vrniti,4,0.39,2,Ggdn,VERB,Perf,Vmen
twitter,morati,zadržati,4,0.39,3,Ggdn,VERB,Perf,Vmen
twitter,morati,zaščititi,4,0.39,4,Ggdn,VERB,Perf,Vmen
twitter,morati,zavedati,4,0.39,4,Ggnn,VERB,Imp,Vmpn
twitter,morati,delati,3,0.29,3,Ggnn,VERB,Imp,Vmpn
twitter,morati,iskati,3,0.29,3,Ggnn,VERB,Imp,Vmpn
twitter,morati,izločiti,3,0.29,4,Ggdn,VERB,Perf,Vmen
twitter,morati,krepiti,3,0.29,3,Ggnn,VERB,Imp,Vmpn
twitter,morati,obstajati,3,0.29,4,Ggnn,VERB,Imp,Vmpn
twitter,morati,oditi,3,0.29,3,Ggdn,VERB,Perf,Vmen
twitter,morati,ohraniti,3,0.29,4,Ggdn,VERB,Perf,Vmen
twitter,morati,opravljati,3,0.29,4,Ggnn,VERB,Imp,Vmpn
twitter,morati,osredotočiti,3,0.29,6,Ggdn,VERB,Perf,Vmen
twitter,morati,ponuditi,3,0.29,4,Ggdn,VERB,Perf,Vmen
twitter,morati,povezati,3,0.29,4,Ggdn,VERB,Perf,Vmen
twitter,morati,prebrati,3,0.29,3,Ggdn,VERB,Perf,Vmen
twitter,morati,prevzeti,3,0.29,3,Ggdn,VERB,Perf,Vmen
twitter,morati,prinesti,3,0.29,3,Ggdn,VERB,Perf,Vmen
twitter,morati,priti,3,0.29,2,Ggdn,VERB,Perf,Vmen
twitter,morati,razmisliti,3,0.29,4,Ggdn,VERB,Perf,Vmen
twitter,morati,sedeti,3,0.29,3,Ggnn,VERB,Imp,Vmpn
twitter,morati,soočiti,3,0.29,3,Ggdn,VERB,Perf,Vmen
twitter,morati,spremeniti,3,0.29,4,Ggdn,VERB,Perf,Vmen
twitter,morati,upoštevati,3,0.29,5,Ggvn,VERB,Both,Vmbn
twitter,morati,usmeriti,3,0.29,4,Ggdn,VERB,Perf,Vmen
twitter,morati,varovati,3,0.29,4,Ggnn,VERB,Imp,Vmpn
twitter,morati,viseti,3,0.29,3,Ggnn,VERB,Imp,Vmpn
twitter,morati,vložiti,3,0.29,3,Ggdn,VERB,Perf,Vmen
twitter,morati,zapreti,3,0.29,3,Ggdn,VERB,Perf,Vmen
twitter,morati,zavarovati,3,0.29,5,Ggdn,VERB,Perf,Vmen
twitter,morati,dokazati,2,0.19,4,Ggdn,VERB,Perf,Vmen
twitter,morati,dovoliti,2,0.19,4,Ggdn,VERB,Perf,Vmen
twitter,morati,identificirati,2,0.19,7,Ggvn,VERB,Both,Vmbn
twitter,morati,iti,2,0.19,2,Ggvn,VERB,Both,Vmbn
twitter,morati,izgnati,2,0.19,3,Ggdn,VERB,Perf,Vmen
twitter,morati,izpogajati,2,0.19,5,Ggnn,VERB,Imp,Vmpn
twitter,morati,izpolnjevati,2,0.19,5,Ggnn,VERB,Imp,Vmpn
twitter,morati,migranti,2,0.19,3,Sommi,UNK,UNK,Ncmpn
twitter,morati,nasloviti,2,0.19,4,Ggdn,VERB,Perf,Vmen
twitter,morati,naučiti,2,0.19,3,Ggdn,VERB,Perf,Vmen
twitter,morati,odločati,2,0.19,4,Ggnn,VERB,Imp,Vmpn
twitter,morati,odločiti,2,0.19,4,Ggdn,VERB,Perf,Vmen
twitter,morati,odpirati,2,0.19,4,Ggnn,VERB,Imp,Vmpn
twitter,morati,odreagirati,2,0.19,5,Ggdn,VERB,Perf,Vmen
twitter,morati,odrediti,2,0.19,4,Ggdn,VERB,Perf,Vmen
twitter,morati,odzvati,2,0.19,3,Ggdn,VERB,Perf,Vmen
twitter,morati,oglasiti,2,0.19,4,Ggdn,VERB,Perf,Vmen
twitter,morati,ohranjati,2,0.19,4,Ggnn,VERB,Imp,Vmpn
twitter,morati,opravičevati,2,0.19,6,Ggnn,VERB,Imp,Vmpn
twitter,morati,opustiti,2,0.19,4,Ggdn,VERB,Perf,Vmen
twitter,morati,oživiti,2,0.19,4,Ggdn,VERB,Perf,Vmen
twitter,morati,pasti,2,0.19,2,Ggdn,VERB,Perf,Vmen
twitter,morati,pisati,2,0.19,3,Ggnn,VERB,Imp,Vmpn
twitter,morati,podati,2,0.19,3,Ggvn,VERB,Both,Vmbn
twitter,morati,pogledati,2,0.19,4,Ggdn,VERB,Perf,Vmen
twitter,morati,poiskati,2,0.19,3,Ggdn,VERB,Perf,Vmen
twitter,morati,pomagati,2,0.19,4,Ggvn,VERB,Both,Vmbn
twitter,morati,ponavljati,2,0.19,4,Ggnn,VERB,Imp,Vmpn
twitter,morati,poslušati,2,0.19,4,Ggnn,VERB,Imp,Vmpn
twitter,morati,postaviti,2,0.19,4,Ggdn,VERB,Perf,Vmen
twitter,morati,potekati,2,0.19,4,Ggnn,VERB,Imp,Vmpn
twitter,morati,povabiti,2,0.19,4,Ggdn,VERB,Perf,Vmen
twitter,morati,prenehati,2,0.19,4,Ggdn,VERB,Perf,Vmen
twitter,morati,prenoviti,2,0.19,4,Ggdn,VERB,Perf,Vmen
twitter,morati,preseči,2,0.19,3,Ggdn,VERB,Perf,Vmen
twitter,morati,preveriti,2,0.19,4,Ggdn,VERB,Perf,Vmen
twitter,morati,pričeti,2,0.19,3,Ggdn,VERB,Perf,Vmen
twitter,morati,pridobiti,2,0.19,4,Ggdn,VERB,Perf,Vmen
twitter,morati,pripraviti,2,0.19,4,Ggdn,VERB,Perf,Vmen
twitter,morati,prizadevati,2,0.19,5,Ggnn,VERB,Imp,Vmpn
twitter,morati,pustiti,2,0.19,3,Ggdn,VERB,Perf,Vmen
twitter,morati,ravnati,2,0.19,3,Ggnn,VERB,Imp,Vmpn
twitter,morati,razmišljati,2,0.19,4,Ggnn,VERB,Imp,Vmpn
twitter,morati,razvijati,2,0.19,4,Ggnn,VERB,Imp,Vmpn
twitter,morati,reševati,2,0.19,4,Ggnn,VERB,Imp,Vmpn
twitter,morati,soditi,2,0.19,3,Ggnn,VERB,Imp,Vmpn
twitter,morati,spodbujati,2,0.19,4,Ggnn,VERB,Imp,Vmpn
twitter,morati,spomniti,2,0.19,3,Ggdn,VERB,Perf,Vmen
twitter,morati,spopasti,2,0.19,3,Ggdn,VERB,Perf,Vmen
twitter,morati,strinjati,2,0.19,3,Ggnn,VERB,Imp,Vmpn
twitter,morati,ti,2,0.19,1,Zk-mmi,UNK,UNK,Pd-mpn
twitter,morati,ugotoviti,2,0.19,5,Ggdn,VERB,Perf,Vmen
twitter,morati,umakniti,2,0.19,4,Ggdn,VERB,Perf,Vmen
twitter,morati,uporabljati,2,0.19,5,Ggnn,VERB,Imp,Vmpn
twitter,morati,uvesti,2,0.19,3,Ggdn,VERB,Perf,Vmen
twitter,morati,vklopiti,2,0.19,3,Ggdn,VERB,Perf,Vmen
twitter,morati,vzpostaviti,2,0.19,4,Ggdn,VERB,Perf,Vmen
twitter,morati,zazvoniti,2,0.19,4,Ggdn,VERB,Perf,Vmen
twitter,morati,zbrati,2,0.19,2,Ggdn,VERB,Perf,Vmen
twitter,morati,združiti,2,0.19,3,Ggdn,VERB,Perf,Vmen
twitter,morati,zdržati,2,0.19,2,Ggdn,VERB,Perf,Vmen
twitter,morati,zmanjševati,2,0.19,4,Ggnn,VERB,Imp,Vmpn
twitter,morati,bati,1,0.1,2,Ggnn,VERB,Imp,Vmpn
twitter,morati,bivati,1,0.1,3,Ggnn,VERB,Imp,Vmpn
twitter,morati,cestitati,1,0.1,4,Ggvn,VERB,Both,Vmbn
twitter,morati,dajati,1,0.1,3,Ggnn,VERB,Imp,Vmpn
twitter,morati,delegirati,1,0.1,5,Ggvn,VERB,Both,Vmbn
twitter,morati,delovati,1,0.1,4,Ggnn,VERB,Imp,Vmpn
twitter,morati,dodati,1,0.1,3,Ggdn,VERB,Perf,Vmen
twitter,morati,dogajati,1,0.1,4,Ggnn,VERB,Imp,Vmpn
twitter,morati,dokazovati,1,0.1,5,Ggnn,VERB,Imp,Vmpn
twitter,morati,dolžnosti,1,0.1,3,Sozmt,UNK,UNK,Ncfpa
twitter,morati,doplačati,1,0.1,4,Ggdn,VERB,Perf,Vmen
twitter,morati,dvigniti,1,0.1,3,Ggdn,VERB,Perf,Vmen
twitter,morati,glasovati,1,0.1,4,Ggvn,VERB,Both,Vmbn
twitter,morati,gledati,1,0.1,3,Ggnn,VERB,Imp,Vmpn
twitter,morati,graditi,1,0.1,3,Ggnn,VERB,Imp,Vmpn
twitter,morati,igrati,1,0.1,3,Ggnn,VERB,Imp,Vmpn
twitter,morati,investirati,1,0.1,5,Ggvn,VERB,Both,Vmbn
twitter,morati,izbirati,1,0.1,4,Ggnn,VERB,Imp,Vmpn
twitter,morati,izboriti,1,0.1,4,Ggdn,VERB,Perf,Vmen
twitter,morati,izničiti,1,0.1,4,Ggdn,VERB,Perf,Vmen
twitter,morati,izpolniti,1,0.1,4,Ggdn,VERB,Perf,Vmen
twitter,morati,izpustiti,1,0.1,4,Ggdn,VERB,Perf,Vmen
twitter,morati,izsiliti,1,0.1,4,Ggdn,VERB,Perf,Vmen
twitter,morati,izvoliti,1,0.1,4,Ggvn,VERB,Both,Vmbn
twitter,morati,izvzeti,1,0.1,3,Pdnmmi,VERB,UNK,Appmpn
twitter,morati,jemati,1,0.1,3,Ggnn,VERB,Imp,Vmpn
twitter,morati,kazati,1,0.1,3,Ggnn,VERB,Imp,Vmpn
twitter,morati,koncentrirati,1,0.1,5,Ggvn,VERB,Both,Vmbn
twitter,morati,kupiti,1,0.1,3,Ggdn,VERB,Perf,Vmen
twitter,morati,ločiti,1,0.1,3,Ggvn,VERB,Both,Vmbn
twitter,morati,lotiti,1,0.1,3,Ggdn,VERB,Perf,Vmen
twitter,morati,maksimizirati,1,0.1,6,Ggvn,VERB,Both,Vmbn
twitter,morati,misliti,1,0.1,3,Ggnn,VERB,Imp,Vmpn
twitter,morati,molčati,1,0.1,3,Ggnn,VERB,Imp,Vmpn
twitter,morati,možnosti,1,0.1,3,Sozmt,UNK,UNK,Ncfpa
twitter,morati,mrgoleti,1,0.1,3,Ggnn,VERB,Imp,Vmpn
twitter,morati,nadaljevati,1,0.1,5,Ggnn,VERB,Imp,Vmpn
twitter,morati,nameniti,1,0.1,4,Ggdn,VERB,Perf,Vmen
twitter,morati,namestiti,1,0.1,4,Ggdn,VERB,Perf,Vmen
twitter,morati,navaditi,1,0.1,4,Ggdn,VERB,Perf,Vmen
twitter,morati,nositi,1,0.1,3,Ggnn,VERB,Imp,Vmpn
twitter,morati,nuditi,1,0.1,3,Ggnn,VERB,Imp,Vmpn
twitter,morati,obdavčiti,1,0.1,4,Ggdn,VERB,Perf,Vmen
twitter,morati,objavljati,1,0.1,4,Ggnn,VERB,Imp,Vmpn
twitter,morati,obkljukati,1,0.1,4,Ggdn,VERB,Perf,Vmen
twitter,morati,oblasti,1,0.1,3,Sozem,UNK,UNK,Ncfsl
twitter,morati,obnoviti,1,0.1,4,Ggdn,VERB,Perf,Vmen
twitter,morati,obračati,1,0.1,4,Ggnn,VERB,Imp,Vmpn
twitter,morati,obuditi,1,0.1,4,Ggdn,VERB,Perf,Vmen
twitter,morati,obvestiti,1,0.1,4,Ggdn,VERB,Perf,Vmen
twitter,morati,odbiti,1,0.1,3,Ggdn,VERB,Perf,Vmen
twitter,morati,oddolžiti,1,0.1,4,Ggdn,VERB,Perf,Vmen
twitter,morati,odgovoriti,1,0.1,5,Ggdn,VERB,Perf,Vmen
twitter,morati,odgovornosti,1,0.1,5,Sozer,UNK,UNK,Ncfsg
twitter,morati,odklanjati,1,0.1,4,Ggnn,VERB,Imp,Vmpn
twitter,morati,odpovedati,1,0.1,5,Ggdn,VERB,Perf,Vmen
twitter,morati,odpraviti,1,0.1,4,Ggdn,VERB,Perf,Vmen
twitter,morati,odstraniti,1,0.1,4,Ggdn,VERB,Perf,Vmen
twitter,morati,ogledati,1,0.1,4,Ggdn,VERB,Perf,Vmen
twitter,morati,okrepiti,1,0.1,4,Ggdn,VERB,Perf,Vmen
twitter,morati,olajšati,1,0.1,4,Ggdn,VERB,Perf,Vmen
twitter,morati,omeniti,1,0.1,4,Ggdn,VERB,Perf,Vmen
twitter,morati,operirati,1,0.1,5,Ggdn,VERB,Perf,Vmen
twitter,morati,opominjati,1,0.1,5,Ggnn,VERB,Imp,Vmpn
twitter,morati,opomniti,1,0.1,4,Ggdn,VERB,Perf,Vmen
twitter,morati,opravičiti,1,0.1,5,Ggdn,VERB,Perf,Vmen
twitter,morati,opremiti,1,0.1,4,Ggdn,VERB,Perf,Vmen
twitter,morati,oprijemati,1,0.1,5,Ggnn,VERB,Imp,Vmpn
twitter,morati,osamosvojiti,1,0.1,6,Ggdn,VERB,Perf,Vmen
twitter,morati,plasirati,1,0.1,4,Ggnn,VERB,Imp,Vmpn
twitter,morati,pobirati,1,0.1,4,Ggnn,VERB,Imp,Vmpn
twitter,morati,pogovarjati,1,0.1,5,Ggnn,VERB,Imp,Vmpn
twitter,morati,pojesti,1,0.1,3,Ggdn,VERB,Perf,Vmen
twitter,morati,pokazati,1,0.1,4,Ggdn,VERB,Perf,Vmen
twitter,morati,pokrivati,1,0.1,4,Ggnn,VERB,Imp,Vmpn
twitter,morati,popadati,1,0.1,4,Ggvn,VERB,Both,Vmbn
twitter,morati,popravljati,1,0.1,4,Ggnn,VERB,Imp,Vmpn
twitter,morati,porabiti,1,0.1,4,Ggdn,VERB,Perf,Vmen
twitter,morati,poravnati,1,0.1,4,Ggdn,VERB,Perf,Vmen
twitter,morati,poročati,1,0.1,4,Ggnn,VERB,Imp,Vmpn
twitter,morati,poslati,1,0.1,3,Ggdn,VERB,Perf,Vmen
twitter,morati,posloviti,1,0.1,4,Ggdn,VERB,Perf,Vmen
twitter,morati,pospešiti,1,0.1,4,Ggdn,VERB,Perf,Vmen
twitter,morati,posredovati,1,0.1,5,Ggvn,VERB,Both,Vmbn
twitter,morati,potrditi,1,0.1,3,Ggdn,VERB,Perf,Vmen
twitter,morati,povečavati,1,0.1,5,Ggnn,VERB,Imp,Vmpn
twitter,morati,pozvati,1,0.1,3,Ggdn,VERB,Perf,Vmen
twitter,morati,požigati,1,0.1,4,Ggnn,VERB,Imp,Vmpn
twitter,morati,prebrati,1,0.1,3,Ggdn,VERB,Perf,Vmen
twitter,morati,predlagati,1,0.1,4,Ggvn,VERB,Both,Vmbn
twitter,morati,predvajati,1,0.1,4,Ggnn,VERB,Imp,Vmpn
twitter,morati,preganjati,1,0.1,4,Ggnn,VERB,Imp,Vmpn
twitter,morati,preiskati,1,0.1,3,Ggdn,VERB,Perf,Vmen
twitter,morati,premisliti,1,0.1,4,Ggdn,VERB,Perf,Vmen
twitter,morati,premišljati,1,0.1,4,Ggnn,VERB,Imp,Vmpn
twitter,morati,prepovedati,1,0.1,5,Ggdn,VERB,Perf,Vmen
twitter,morati,prepoznati,1,0.1,4,Ggdn,VERB,Perf,Vmen
twitter,morati,prepričati,1,0.1,4,Ggdn,VERB,Perf,Vmen
twitter,morati,prepričati,1,0.1,4,Ggdn,VERB,Perf,Vmen
twitter,morati,prestaviti,1,0.1,4,Ggdn,VERB,Perf,Vmen
twitter,morati,preučiti,1,0.1,3,Ggdn,VERB,Perf,Vmen
twitter,morati,preverjati,1,0.1,4,Ggnn,VERB,Imp,Vmpn
twitter,morati,približati,1,0.1,4,Ggdn,VERB,Perf,Vmen
twitter,morati,pridružiti,1,0.1,4,Ggdn,VERB,Perf,Vmen
twitter,morati,prijavljati,1,0.1,4,Ggnn,VERB,Imp,Vmpn
twitter,morati,prilagoditi,1,0.1,5,Ggdn,VERB,Perf,Vmen
twitter,morati,pripeljati,1,0.1,4,Ggdn,VERB,Perf,Vmen
twitter,morati,pripravljati,1,0.1,4,Ggnn,VERB,Imp,Vmpn
twitter,morati,prisluhniti,1,0.1,4,Ggdn,VERB,Perf,Vmen
twitter,morati,prispevati,1,0.1,4,Ggvn,VERB,Both,Vmbn
twitter,morati,pritegniti,1,0.1,4,Ggdn,VERB,Perf,Vmen
twitter,morati,prodajati,1,0.1,4,Ggnn,VERB,Imp,Vmpn
twitter,morati,rahljati,1,0.1,3,Ggnn,VERB,Imp,Vmpn
twitter,morati,razbremeniti,1,0.1,5,Ggdn,VERB,Perf,Vmen
twitter,morati,razčistiti,1,0.1,4,Ggdn,VERB,Perf,Vmen
twitter,morati,razkriti,1,0.1,3,Ggdn,VERB,Perf,Vmen
twitter,morati,razpisati,1,0.1,4,Ggdn,VERB,Perf,Vmen
twitter,morati,razpoznati,1,0.1,4,Ggdn,VERB,Perf,Vmen
twitter,morati,razrešiti,1,0.1,4,Ggdn,VERB,Perf,Vmen
twitter,morati,razumeti,1,0.1,4,Ggvn,VERB,Both,Vmbn
twitter,morati,razviti,1,0.1,3,Ggdn,VERB,Perf,Vmen
twitter,morati,reagirati,1,0.1,4,Ggvn,VERB,Both,Vmbn
twitter,morati,reči,1,0.1,2,Ggdn,VERB,Perf,Vmen
twitter,morati,refundirati,1,0.1,5,Ggvn,VERB,Both,Vmbn
twitter,morati,rešiti,1,0.1,3,Ggdn,VERB,Perf,Vmen
twitter,morati,shranjevati,1,0.1,4,Ggnn,VERB,Imp,Vmpn
twitter,morati,sklicati,1,0.1,3,Ggdn,VERB,Perf,Vmen
twitter,morati,slediti,1,0.1,3,Ggnn,VERB,Imp,Vmpn
twitter,morati,slišati,1,0.1,3,Ggvn,VERB,Both,Vmbn
twitter,morati,soustvarjati,1,0.1,4,Ggnn,VERB,Imp,Vmpn
twitter,morati,sovražiti,1,0.1,4,Ggnn,VERB,Imp,Vmpn
twitter,morati,spiti,1,0.1,2,Ggdn,VERB,Perf,Vmen
twitter,morati,splačati,1,0.1,3,Ggvn,VERB,Both,Vmbn
twitter,morati,splačati,1,0.1,3,Ggvn,VERB,Both,Vmbn
twitter,morati,sporočiti,1,0.1,4,Ggdn,VERB,Perf,Vmen
twitter,morati,spoštovati,1,0.1,4,Ggnn,VERB,Imp,Vmpn
twitter,morati,spoznati,1,0.1,3,Ggvn,VERB,Both,Vmbn
twitter,morati,spraviti,1,0.1,3,Ggdn,VERB,Perf,Vmen
twitter,morati,spregovoriti,1,0.1,5,Ggdn,VERB,Perf,Vmen
twitter,morati,spremljati,1,0.1,3,Ggnn,VERB,Imp,Vmpn
twitter,morati,spustiti,1,0.1,3,Ggdn,VERB,Perf,Vmen
twitter,morati,stremeti,1,0.1,3,Ggnn,VERB,Imp,Vmpn
twitter,morati,subvencionirati,1,0.1,6,Ggvn,VERB,Both,Vmbn
twitter,morati,ščiti,1,0.1,2,Sommo,VERB,UNK,Ncmpi
twitter,morati,švercati,1,0.1,3,Ggnn,VERB,Imp,Vmpn
twitter,morati,taksisti,1,0.1,3,Sommo,UNK,UNK,Ncmpi
twitter,morati,teči,1,0.1,2,Ggnn,VERB,Imp,Vmpn
twitter,morati,tisti,1,0.1,2,Zk-mmi,UNK,UNK,Pd-mpn
twitter,morati,trpeti,1,0.1,2,Ggnn,VERB,Imp,Vmpn
twitter,morati,truditi,1,0.1,3,Ggnn,VERB,Imp,Vmpn
twitter,morati,turisti,1,0.1,3,Sommi,UNK,UNK,Ncmpn
twitter,morati,ublažiti,1,0.1,4,Ggdn,VERB,Perf,Vmen
twitter,morati,udeležiti,1,0.1,5,Ggdn,VERB,Perf,Vmen
twitter,morati,umikati,1,0.1,4,Ggnn,VERB,Imp,Vmpn
twitter,morati,uničiti,1,0.1,4,Ggdn,VERB,Perf,Vmen
twitter,morati,uporabiti,1,0.1,5,Ggdn,VERB,Perf,Vmen
twitter,morati,upreti,1,0.1,3,Ggdn,VERB,Perf,Vmen
twitter,morati,videti,1,0.1,3,Ggvn,VERB,Both,Vmbn
twitter,morati,vključevati,1,0.1,4,Ggnn,VERB,Imp,Vmpn
twitter,morati,vključiti,1,0.1,3,Ggdn,VERB,Perf,Vmen
twitter,morati,vreči,1,0.1,2,Sozem,UNK,UNK,Ncfsl
twitter,morati,vzeti,1,0.1,2,Ggdn,VERB,Perf,Vmen
twitter,morati,zaceliti,1,0.1,4,Ggdn,VERB,Perf,Vmen
twitter,morati,zadostovati,1,0.1,5,Ggnn,VERB,Imp,Vmpn
twitter,morati,zadovoljiti,1,0.1,5,Ggdn,VERB,Perf,Vmen
twitter,morati,zagotavljati,1,0.1,5,Ggnn,VERB,Imp,Vmpn
twitter,morati,zahtevati,1,0.1,4,Ggvn,VERB,Both,Vmbn
twitter,morati,zahvaliti,1,0.1,4,Ggdn,VERB,Perf,Vmen
twitter,morati,zamisliti,1,0.1,4,Ggdn,VERB,Perf,Vmen
twitter,morati,zapisati,1,0.1,4,Ggdn,VERB,Perf,Vmen
twitter,morati,zaslužiti,1,0.1,4,Ggdn,VERB,Perf,Vmen
twitter,morati,zaupati,1,0.1,3,Ggvn,VERB,Both,Vmbn
twitter,morati,zavirati,1,0.1,4,Ggnn,VERB,Imp,Vmpn
twitter,morati,zavrteti,1,0.1,3,Ggdn,VERB,Perf,Vmen
twitter,morati,združevati,1,0.1,4,Ggnn,VERB,Imp,Vmpn
twitter,morati,zmanjšati,1,0.1,3,Ggdn,VERB,Perf,Vmen
twitter,morati,znebiti,1,0.1,3,Ggdn,VERB,Perf,Vmen
twitter,morati,znižati,1,0.1,3,Ggdn,VERB,Perf,Vmen
twitter,morati,zoperstaviti,1,0.1,5,Ggdn,VERB,Perf,Vmen
twitter,morati,zrasti,1,0.1,2,Ggdn,VERB,Perf,Vmen
twitter,morati,želeti,1,0.1,3,Ggnn,VERB,Imp,Vmpn
twitter,morati,živeti,1,0.1,3,Ggnn,VERB,Imp,Vmpn
twitter,treba,biti,11,4.45,2,Gp-n,AUX,Imp,Va-n
twitter,treba,dati,6,2.43,2,Ggdn,VERB,Perf,Vmen
twitter,treba,povedati,6,2.43,4,Ggdn,VERB,Perf,Vmen
twitter,treba,bati,5,2.02,2,Ggnn,VERB,Imp,Vmpn
twitter,treba,iskati,4,1.62,3,Ggnn,VERB,Imp,Vmpn
twitter,treba,najti,4,1.62,2,Ggdn,VERB,Perf,Vmen
twitter,treba,narediti,4,1.62,4,Ggdn,VERB,Perf,Vmen
twitter,treba,plačevati,4,1.62,4,Ggnn,VERB,Imp,Vmpn
twitter,treba,pokazati,4,1.62,4,Ggdn,VERB,Perf,Vmen
twitter,treba,priznati,4,1.62,3,Ggdn,VERB,Perf,Vmen
twitter,treba,spoštovati,4,1.62,4,Ggnn,VERB,Imp,Vmpn
twitter,treba,zaščititi,4,1.62,4,Ggdn,VERB,Perf,Vmen
twitter,treba,cepiti,3,1.21,3,Ggvn,VERB,Both,Vmbn
twitter,treba,imeti,3,1.21,3,Ggnn,VERB,Imp,Vmpn
twitter,treba,izbrati,3,1.21,3,Ggdn,VERB,Perf,Vmen
twitter,treba,obravnavati,3,1.21,5,Ggnn,VERB,Imp,Vmpn
twitter,treba,reči,3,1.21,2,Ggdn,VERB,Perf,Vmen
twitter,treba,spremeniti,3,1.21,4,Ggdn,VERB,Perf,Vmen
twitter,treba,braniti,2,0.81,3,Ggnn,VERB,Imp,Vmpn
twitter,treba,dodajati,2,0.81,4,Ggnn,VERB,Imp,Vmpn
twitter,treba,dvigniti,2,0.81,3,Ggdn,VERB,Perf,Vmen
twitter,treba,govoriti,2,0.81,4,Ggnn,VERB,Imp,Vmpn
twitter,treba,jemati,2,0.81,3,Ggnn,VERB,Imp,Vmpn
twitter,treba,kriminalizirati,2,0.81,7,Ggvn,VERB,Both,Vmbn
twitter,treba,lagati,2,0.81,3,Ggnn,VERB,Imp,Vmpn
twitter,treba,lepiti,2,0.81,3,Ggnn,VERB,Imp,Vmpn
twitter,treba,obsoditi,2,0.81,4,Ggdn,VERB,Perf,Vmen
twitter,treba,okrepiti,2,0.81,4,Ggdn,VERB,Perf,Vmen
twitter,treba,omejiti,2,0.81,4,Ggdn,VERB,Perf,Vmen
twitter,treba,opredeliti,2,0.81,5,Ggdn,VERB,Perf,Vmen
twitter,treba,ostati,2,0.81,3,Ggdn,VERB,Perf,Vmen
twitter,treba,pomagati,2,0.81,4,Ggvn,VERB,Both,Vmbn
twitter,treba,popraviti,2,0.81,4,Ggdn,VERB,Perf,Vmen
twitter,treba,postaviti,2,0.81,4,Ggdn,VERB,Perf,Vmen
twitter,treba,prebrati,2,0.81,3,Ggdn,VERB,Perf,Vmen
twitter,treba,pregledati,2,0.81,4,Ggdn,VERB,Perf,Vmen
twitter,treba,preiskati,2,0.81,3,Ggdn,VERB,Perf,Vmen
twitter,treba,razgraditi,2,0.81,4,Ggdn,VERB,Perf,Vmen
twitter,treba,razumeti,2,0.81,4,Ggvn,VERB,Both,Vmbn
twitter,treba,spraševati,2,0.81,4,Ggnn,VERB,Imp,Vmpn
twitter,treba,sprejeti,2,0.81,3,Ggdn,VERB,Perf,Vmen
twitter,treba,upoštevati,2,0.81,5,Ggvn,VERB,Both,Vmbn
twitter,treba,usmerjati,2,0.81,4,Ggnn,VERB,Imp,Vmpn
twitter,treba,vzeti,2,0.81,2,Ggdn,VERB,Perf,Vmen
twitter,treba,zagotoviti,2,0.81,5,Ggdn,VERB,Perf,Vmen
twitter,treba,zapustiti,2,0.81,4,Ggdn,VERB,Perf,Vmen
twitter,treba,znati,2,0.81,2,Ggnn,VERB,Imp,Vmpn
twitter,treba,boriti,1,0.4,3,Ggnn,VERB,Imp,Vmpn
twitter,treba,brati,1,0.4,2,Ggnn,VERB,Imp,Vmpn
twitter,treba,biti,1,0.4,1,Gp-n,AUX,Imp,Va-n
twitter,treba,ceniti,1,0.4,3,Ggnn,VERB,Imp,Vmpn
twitter,treba,čakati,1,0.4,3,Ggnn,VERB,Imp,Vmpn
twitter,treba,delovati,1,0.4,4,Ggnn,VERB,Imp,Vmpn
twitter,treba,dobiti,1,0.4,3,Ggdn,VERB,Perf,Vmen
twitter,treba,dodati,1,0.4,3,Ggdn,VERB,Perf,Vmen
twitter,treba,dokazovati,1,0.4,5,Ggnn,VERB,Imp,Vmpn
twitter,treba,dopisati,1,0.4,4,Ggdn,VERB,Perf,Vmen
twitter,treba,držati,1,0.4,2,Ggnn,VERB,Imp,Vmpn
twitter,treba,glasovati,1,0.4,4,Ggvn,VERB,Both,Vmbn
twitter,treba,graditi,1,0.4,3,Ggnn,VERB,Imp,Vmpn
twitter,treba,iti,1,0.4,2,Ggvn,VERB,Both,Vmbn
twitter,treba,izbojevati,1,0.4,5,Ggdn,VERB,Perf,Vmen
twitter,treba,izogniti,1,0.4,4,Ggdn,VERB,Perf,Vmen
twitter,treba,izpolniti,1,0.4,4,Ggdn,VERB,Perf,Vmen
twitter,treba,izpolnjevati,1,0.4,5,Ggnn,VERB,Imp,Vmpn
twitter,treba,iztrebiti,1,0.4,4,Ggdn,VERB,Perf,Vmen
twitter,treba,kupiti,1,0.4,3,Ggdn,VERB,Perf,Vmen
twitter,treba,likvidirati,1,0.4,5,Ggvn,VERB,Both,Vmbn
twitter,treba,ločiti,1,0.4,3,Ggvn,VERB,Both,Vmbn
twitter,treba,lotiti,1,0.4,3,Ggdn,VERB,Perf,Vmen
twitter,treba,misliti,1,0.4,3,Ggnn,VERB,Imp,Vmpn
twitter,treba,molčati,1,0.4,3,Ggnn,VERB,Imp,Vmpn
twitter,treba,nadzorovati,1,0.4,5,Ggnn,VERB,Imp,Vmpn
twitter,treba,niti,1,0.4,2,L,UNK,UNK,Q
twitter,treba,nižati,1,0.4,3,Ggnn,VERB,Imp,Vmpn
twitter,treba,norčevati,1,0.4,4,Ggnn,VERB,Imp,Vmpn
twitter,treba,obveščati,1,0.4,4,Ggnn,VERB,Imp,Vmpn
twitter,treba,obvladati,1,0.4,4,Ggvn,VERB,Both,Vmbn
twitter,treba,odločiti,1,0.4,4,Ggdn,VERB,Perf,Vmen
twitter,treba,odpraviti,1,0.4,4,Ggdn,VERB,Perf,Vmen
twitter,treba,odvaditi,1,0.4,4,Ggdn,VERB,Perf,Vmen
twitter,treba,odvzeti,1,0.4,3,Ggdn,VERB,Perf,Vmen
twitter,treba,ohraniti,1,0.4,4,Ggdn,VERB,Perf,Vmen
twitter,treba,pisati,1,0.4,3,Ggnn,VERB,Imp,Vmpn
twitter,treba,plačati,1,0.4,3,Ggdn,VERB,Perf,Vmen
twitter,treba,podrejati,1,0.4,4,Ggnn,VERB,Imp,Vmpn
twitter,treba,pogledati,1,0.4,4,Ggdn,VERB,Perf,Vmen
twitter,treba,pojasniti,1,0.4,4,Ggdn,VERB,Perf,Vmen
twitter,treba,pomesti,1,0.4,3,Ggdn,VERB,Perf,Vmen
twitter,treba,pomiriti,1,0.4,4,Ggdn,VERB,Perf,Vmen
twitter,treba,pomoči,1,0.4,3,Sozer,UNK,UNK,Ncfsg
twitter,treba,ponavljati,1,0.4,4,Ggnn,VERB,Imp,Vmpn
twitter,treba,ponoviti,1,0.4,4,Ggdn,VERB,Perf,Vmen
twitter,treba,poskrbeti,1,0.4,3,Ggdn,VERB,Perf,Vmen
twitter,treba,poslušati,1,0.4,4,Ggnn,VERB,Imp,Vmpn
twitter,treba,pospešiti,1,0.4,4,Ggdn,VERB,Perf,Vmen
twitter,treba,postoriti,1,0.4,4,Ggdn,VERB,Perf,Vmen
twitter,treba,potrpeti,1,0.4,3,Ggvn,VERB,Both,Vmbn
twitter,treba,poudariti,1,0.4,4,Ggdn,VERB,Perf,Vmen
twitter,treba,povezovati,1,0.4,5,Ggnn,VERB,Imp,Vmpn
twitter,treba,poznati,1,0.4,3,Ggnn,VERB,Imp,Vmpn
twitter,treba,požigati,1,0.4,4,Ggnn,VERB,Imp,Vmpn
twitter,treba,prečkati,1,0.4,3,Ggvn,VERB,Both,Vmbn
twitter,treba,predstaviti,1,0.4,4,Ggdn,VERB,Perf,Vmen
twitter,treba,preganjati,1,0.4,4,Ggnn,VERB,Imp,Vmpn
twitter,treba,premagati,1,0.4,4,Ggdn,VERB,Perf,Vmen
twitter,treba,prepovedati,1,0.4,5,Ggdn,VERB,Perf,Vmen
twitter,treba,preprečiti,1,0.4,4,Ggdn,VERB,Perf,Vmen
twitter,treba,prepričati,1,0.4,4,Ggdn,VERB,Perf,Vmen
twitter,treba,preslikati,1,0.4,4,Ggdn,VERB,Perf,Vmen
twitter,treba,prijaviti,1,0.4,4,Ggdn,VERB,Perf,Vmen
twitter,treba,prilagoditi,1,0.4,5,Ggdn,VERB,Perf,Vmen
twitter,treba,prinesti,1,0.4,3,Ggdn,VERB,Perf,Vmen
twitter,treba,pripenjati,1,0.4,4,Ggnn,VERB,Imp,Vmpn
twitter,treba,proti,1,0.4,2,Dd,UNK,UNK,Sd
twitter,treba,razbremeniti,1,0.4,5,Ggdn,VERB,Perf,Vmen
twitter,treba,raziskati,1,0.4,4,Ggdn,VERB,Perf,Vmen
twitter,treba,reformirati,1,0.4,5,Ggvn,VERB,Both,Vmbn
twitter,treba,reševati,1,0.4,4,Ggnn,VERB,Imp,Vmpn
twitter,treba,sankcionirati,1,0.4,5,Ggvn,VERB,Both,Vmbn
twitter,treba,shranjevati,1,0.4,4,Ggnn,VERB,Imp,Vmpn
twitter,treba,skleniti,1,0.4,3,Ggdn,VERB,Perf,Vmen
twitter,treba,skrajševati,1,0.4,4,Ggnn,VERB,Imp,Vmpn
twitter,treba,skrivati,1,0.4,3,Ggnn,VERB,Imp,Vmpn
twitter,treba,soočiti,1,0.4,3,Ggdn,VERB,Perf,Vmen
twitter,treba,spreminjati,1,0.4,4,Ggnn,VERB,Imp,Vmpn
twitter,treba,storiti,1,0.4,3,Ggdn,VERB,Perf,Vmen
twitter,treba,tehtati,1,0.4,3,Ggnn,VERB,Imp,Vmpn
twitter,treba,testirati,1,0.4,4,Ggvn,VERB,Both,Vmbn
twitter,treba,truditi,1,0.4,3,Ggnn,VERB,Imp,Vmpn
twitter,treba,ubiti,1,0.4,3,Ggdn,VERB,Perf,Vmen
twitter,treba,ubraniti,1,0.4,4,Ggdn,VERB,Perf,Vmen
twitter,treba,udariti,1,0.4,4,Ggdn,VERB,Perf,Vmen
twitter,treba,ukiniti,1,0.4,4,Ggdn,VERB,Perf,Vmen
twitter,treba,ukvarjati,1,0.4,4,Ggnn,VERB,Imp,Vmpn
twitter,treba,umiriti,1,0.4,4,Ggdn,VERB,Perf,Vmen
twitter,treba,uporabiti,1,0.4,5,Ggdn,VERB,Perf,Vmen
twitter,treba,urediti,1,0.4,4,Ggdn,VERB,Perf,Vmen
twitter,treba,ustanoviti,1,0.4,5,Ggdn,VERB,Perf,Vmen
twitter,treba,ustavljati,1,0.4,4,Ggnn,VERB,Imp,Vmpn
twitter,treba,utišati,1,0.4,4,Ggdn,VERB,Perf,Vmen
twitter,treba,uvajati,1,0.4,4,Ggnn,VERB,Imp,Vmpn
twitter,treba,uvesti,1,0.4,3,Ggdn,VERB,Perf,Vmen
twitter,treba,verjeti,1,0.4,3,Ggvn,VERB,Both,Vmbn
twitter,treba,vključiti,1,0.4,3,Ggdn,VERB,Perf,Vmen
twitter,treba,zabrenkati,1,0.4,4,Ggdn,VERB,Perf,Vmen
twitter,treba,zabrisati,1,0.4,4,Ggdn,VERB,Perf,Vmen
twitter,treba,zadržati,1,0.4,3,Ggdn,VERB,Perf,Vmen
twitter,treba,zagovarjati,1,0.4,5,Ggnn,VERB,Imp,Vmpn
twitter,treba,zahtevati,1,0.4,4,Ggvn,VERB,Both,Vmbn
twitter,treba,zamenjati,1,0.4,4,Ggdn,VERB,Perf,Vmen
twitter,treba,zanašati,1,0.4,4,Ggnn,VERB,Imp,Vmpn
twitter,treba,zapirati,1,0.4,4,Ggnn,VERB,Imp,Vmpn
twitter,treba,zastraševati,1,0.4,5,Ggnn,VERB,Imp,Vmpn
twitter,treba,zavajati,1,0.4,4,Ggnn,VERB,Imp,Vmpn
twitter,treba,zavedati,1,0.4,4,Ggnn,VERB,Imp,Vmpn
twitter,treba,znižati,1,0.4,3,Ggdn,VERB,Perf,Vmen
twitter,treba,živeti,1,0.4,3,Ggnn,VERB,Imp,Vmpn
